parsed_var_hg38	parsed_type	var_freq_in_gdc_maf	civic_var_id	transvar_hgvs.g_hg19	civic_transcript	transvar_transcript	aliases	db_sources	isoform_match
chr2:29220758:A:G	c2g	0	1556	chr2:g.29443624A>G	ENST00000389048.3	ENST00000389048	ENSP00000373700	Ensembl	Match
chr2:29220758:A:G	c2g	0	1556	chr2:g.29443624A>G	ENST00000389048.3	ENST00000389048	None	GENCODE	Match
chr2:29220764:A:T	c2g	0	1553	chr2:g.29443630A>T	ENST00000389048.3	ENST00000389048	ENSP00000373700	Ensembl	Match
chr2:29220764:A:T	c2g	0	1553	chr2:g.29443630A>T	ENST00000389048.3	ENST00000389048	None	GENCODE	Match
chr2:29220830:A:C	c2g	0	1492	chr2:g.29443696A>C	ENST00000	ENST00000389048	ENSP00000373700	Ensembl	No_civic_info
chr2:29220830:A:C	c2g	0	1492	chr2:g.29443696A>C	ENST00000	ENST00000389048	None	GENCODE	No_civic_info
chr2:29220831:A:C	c2g	0	1505	chr2:g.29443697A>C	ENST00000389048.3	ENST00000389048	ENSP00000373700	Ensembl	Match
chr2:29220831:A:C	c2g	0	1505	chr2:g.29443697A>C	ENST00000389048.3	ENST00000389048	None	GENCODE	Match
chr2:29222404:A:G	c2g	0	1554	chr2:g.29445270A>G	ENST00000389048.3	ENST00000389048	ENSP00000373700	Ensembl	Match
chr2:29222404:A:G	c2g	0	1554	chr2:g.29445270A>G	ENST00000389048.3	ENST00000389048	None	GENCODE	Match
chr2:211387009:C:A	c2g	0	1673	chr2:g.212251734C>A	ENST00000342788.4	ENST00000342788	ENSP00000342235	Ensembl	Match
chr2:211387009:C:A	c2g	0	1673	chr2:g.212251734C>A	ENST00000342788.4	ENST00000342788	None	GENCODE	Match
chr3:10142009:G:C	c2g	0	2177	chr3:g.10183693G>C	ENST00000256474.2	ENST00000256474	ENSP00000256474	Ensembl	Match
chr3:10142009:G:C	c2g	0	2177	chr3:g.10183693G>C	ENST00000256474.2	ENST00000256474	None	GENCODE	Match
chr3:10142021:GC:G	c2g	0	1786	chr3:g.10183707delC	ENST00000256474.2	ENST00000256474	ENSP00000256474	Ensembl	Match
chr3:10142021:GC:G	c2g	0	1786	chr3:g.10183707delC	ENST00000256474.2	ENST00000256474	None	GENCODE	Match
chr3:10142025:CG:C	c2g	0	1964	chr3:g.10183711delG	ENST00000256474.2	ENST00000256474	ENSP00000256474	Ensembl	Match
chr3:10142025:CG:C	c2g	0	1964	chr3:g.10183711delG	ENST00000256474.2	ENST00000256474	None	GENCODE	Match
chr3:10142028:CCCGT:C	c2g	0	2145	chr3:g.10183713_10183716delCCGT	ENST00000256474.2	ENST00000256474	ENSP00000256474	Ensembl	Match
chr3:10142028:CCCGT:C	c2g	0	2145	chr3:g.10183713_10183716delCCGT	ENST00000256474.2	ENST00000256474	None	GENCODE	Match
chr3:10142060:CT:C	c2g	0	1816	chr3:g.10183745delT	ENST00000256474.2	ENST00000256474	ENSP00000256474	Ensembl	Match
chr3:10142060:CT:C	c2g	0	1816	chr3:g.10183745delT	ENST00000256474.2	ENST00000256474	None	GENCODE	Match
chr3:10142061:TC:T	c2g	0	2002	chr3:g.10183748delC	ENST00000256474.2	ENST00000256474	ENSP00000256474	Ensembl	Match
chr3:10142061:TC:T	c2g	0	2002	chr3:g.10183748delC	ENST00000256474.2	ENST00000256474	None	GENCODE	Match
chr3:10142070:ATCT:A	c2g	1	2088	chr3:g.10183758_10183760delTCT	ENST00000256474.2	ENST00000256474	ENSP00000256474	Ensembl	Match
chr3:10142070:ATCT:A	c2g	1	2088	chr3:g.10183758_10183760delTCT	ENST00000256474.2	ENST00000256474	None	GENCODE	Match
chr3:10142074:T:TC	c2g	0	1790	chr3:g.10183759dupC	ENST00000256474.2	ENST00000256474	ENSP00000256474	Ensembl	Match
chr3:10142074:T:TC	c2g	0	1790	chr3:g.10183759dupC	ENST00000256474.2	ENST00000256474	None	GENCODE	Match
chr3:10142079:A:G	c2g	2	2112	chr3:g.10183763A>G	ENST00000256474.2	ENST00000256474	ENSP00000256474	Ensembl	Match
chr3:10142079:A:G	c2g	2	2112	chr3:g.10183763A>G	ENST00000256474.2	ENST00000256474	None	GENCODE	Match
chr3:10142087:T:G	c2g	0	1792	chr3:g.10183771T>G	ENST00000	ENST00000256474	ENSP00000256474	Ensembl	No_civic_info
chr3:10142087:T:G	c2g	0	1792	chr3:g.10183771T>G	ENST00000	ENST00000256474	None	GENCODE	No_civic_info
chr3:10142111:G:A	c2g	1	1908	chr3:g.10183795G>A	ENST	ENST00000256474	ENSP00000256474	Ensembl	No_civic_info
chr3:10142111:G:A	c2g	1	1908	chr3:g.10183795G>A	ENST	ENST00000256474	None	GENCODE	No_civic_info
chr3:10142123:CG:C	c2g	0	1812	chr3:g.10183809delG	ENST00000256474.2	ENST00000256474	ENSP00000256474	Ensembl	Match
chr3:10142123:CG:C	c2g	0	1812	chr3:g.10183809delG	ENST00000256474.2	ENST00000256474	None	GENCODE	Match
chr3:10142123:CG:C	c2g	0	1812	chr3:g.10183809delG	ENST00000256474.2	ENST00000256474	ENSP00000256474	Ensembl	Match
chr3:10142123:CG:C	c2g	0	1812	chr3:g.10183809delG	ENST00000256474.2	ENST00000256474	None	GENCODE	Match
chr3:10142125:G:T	c2g	0	2009	chr3:g.10183809G>T	ENST00000256474.2	ENST00000256474	ENSP00000256474	Ensembl	Match
chr3:10142125:G:T	c2g	0	2009	chr3:g.10183809G>T	ENST00000256474.2	ENST00000256474	None	GENCODE	Match
chr3:10142125:GC:G	c2g	0	2127	chr3:g.10183810delC	ENST00000256474.2	ENST00000256474	ENSP00000256474	Ensembl	Match
chr3:10142125:GC:G	c2g	0	2127	chr3:g.10183810delC	ENST00000256474.2	ENST00000256474	None	GENCODE	Match
chr3:10142131:C:G	c2g	0	2117	chr3:g.10183815C>G	ENST00000256474.2	ENST00000256474	ENSP00000256474	Ensembl	Match
chr3:10142131:C:G	c2g	0	2117	chr3:g.10183815C>G	ENST00000256474.2	ENST00000256474	None	GENCODE	Match
chr3:10142137:C:T	c2g	0	2069	chr3:g.10183821C>T	ENST00000256474.2	ENST00000256474	ENSP00000256474	Ensembl	Match
chr3:10142137:C:T	c2g	0	2069	chr3:g.10183821C>T	ENST00000256474.2	ENST00000256474	None	GENCODE	Match
chr3:10142138:C:G	c2g	0	2128	chr3:g.10183822C>G	ENST00000256474.2	ENST00000256474	ENSP00000256474	Ensembl	Match
chr3:10142138:C:G	c2g	0	2128	chr3:g.10183822C>G	ENST00000256474.2	ENST00000256474	None	GENCODE	Match
chr3:10142155:CTG:C	c2g	0	1795	chr3:g.10183840_10183841delTG	ENST00000256474.2	ENST00000256474	ENSP00000256474	Ensembl	Match
chr3:10142155:CTG:C	c2g	0	1795	chr3:g.10183840_10183841delTG	ENST00000256474.2	ENST00000256474	None	GENCODE	Match
chr3:10142155:C:T	c2g	0	2118	chr3:g.10183839C>T	ENST00000256474.2	ENST00000256474	ENSP00000256474	Ensembl	Match
chr3:10142155:C:T	c2g	0	2118	chr3:g.10183839C>T	ENST00000256474.2	ENST00000256474	None	GENCODE	Match
chr3:10142172:AT:A	c2g	0	1965	chr3:g.10183857delT	ENST00000256474.2	ENST00000256474	ENSP00000256474	Ensembl	Match
chr3:10142172:AT:A	c2g	0	1965	chr3:g.10183857delT	ENST00000256474.2	ENST00000256474	None	GENCODE	Match
chr3:10142172:AT:A	c2g	0	1965	chr3:g.10183857delT	ENST00000256474.2	ENST00000256474	ENSP00000256474	Ensembl	Match
chr3:10142172:AT:A	c2g	0	1965	chr3:g.10183857delT	ENST00000256474.2	ENST00000256474	None	GENCODE	Match
chr3:10146516:CA:C	c2g	0	2057	chr3:g.10188201delA	ENST00000256474.2	ENST00000256474	ENSP00000256474	Ensembl	Match
chr3:10146516:CA:C	c2g	0	2057	chr3:g.10188201delA	ENST00000256474.2	ENST00000256474	None	GENCODE	Match
chr3:10146517:A:G	c2g	0	2000	chr3:g.10188201A>G	ENST00000256474.2	ENST00000256474	ENSP00000256474	Ensembl	Match
chr3:10146517:A:G	c2g	0	2000	chr3:g.10188201A>G	ENST00000256474.2	ENST00000256474	None	GENCODE	Match
chr3:10146518:C:G	c2g	0	1957	chr3:g.10188202C>G	ENST00000256474.2	ENST00000256474	ENSP00000256474	Ensembl	Match
chr3:10146518:C:G	c2g	0	1957	chr3:g.10188202C>G	ENST00000256474.2	ENST00000256474	None	GENCODE	Match
chr3:10146519:C:G	c2g	0	1820	chr3:g.10188203C>G	ENST0	ENST00000256474	ENSP00000256474	Ensembl	No_civic_info
chr3:10146519:C:G	c2g	0	1820	chr3:g.10188203C>G	ENST0	ENST00000256474	None	GENCODE	No_civic_info
chr3:10146539:AG:A	c2g	1	1905	chr3:g.10188226delG	ENST00000256474.2	ENST00000256474	ENSP00000256474	Ensembl	Match
chr3:10146539:AG:A	c2g	1	1905	chr3:g.10188226delG	ENST00000256474.2	ENST00000256474	None	GENCODE	Match
chr3:10146541:GGACACAC:G	c2g	0	2135	chr3:g.10188228_10188234delCACACGA	ENST00000256474.2	ENST00000256474	ENSP00000256474	Ensembl	Match
chr3:10146541:GGACACAC:G	c2g	0	2135	chr3:g.10188228_10188234delCACACGA	ENST00000256474.2	ENST00000256474	None	GENCODE	Match
chr3:10146547:A:AC	c2g	0	1918	chr3:g.10188232dupC	ENST00000256474.2	ENST00000256474	ENSP00000256474	Ensembl	Match
chr3:10146547:A:AC	c2g	0	1918	chr3:g.10188232dupC	ENST00000256474.2	ENST00000256474	None	GENCODE	Match
chr3:10146555:CT:C	c2g	0	1996	chr3:g.10188241delT	ENST00000256474.2	ENST00000256474	ENSP00000256474	Ensembl	Match
chr3:10146555:CT:C	c2g	0	1996	chr3:g.10188241delT	ENST00000256474.2	ENST00000256474	None	GENCODE	Match
chr3:10146556:T:C	c2g	0	2157	chr3:g.10188240T>C	ENST00000256474.2	ENST00000256474	ENSP00000256474	Ensembl	Match
chr3:10146556:T:C	c2g	0	2157	chr3:g.10188240T>C	ENST00000256474.2	ENST00000256474	None	GENCODE	Match
chr3:10146559:T:C	c2g	0	2034	chr3:g.10188243T>C	ENST00000256474.2	ENST00000256474	ENSP00000256474	Ensembl	Match
chr3:10146559:T:C	c2g	0	2034	chr3:g.10188243T>C	ENST00000256474.2	ENST00000256474	None	GENCODE	Match
chr3:10146562:TTA:T	c2g	0	1800	chr3:g.10188247_10188248delTA	ENST00000256474.2	ENST00000256474	ENSP00000256474	Ensembl	Match
chr3:10146562:TTA:T	c2g	0	1800	chr3:g.10188247_10188248delTA	ENST00000256474.2	ENST00000256474	None	GENCODE	Match
chr3:10146577:T:A	c2g	0	1769	chr3:g.10188261T>A	ENST	ENST00000256474	ENSP00000256474	Ensembl	No_civic_info
chr3:10146577:T:A	c2g	0	1769	chr3:g.10188261T>A	ENST	ENST00000256474	None	GENCODE	No_civic_info
chr3:10146586:C:T	c2g	0	2120	chr3:g.10188270C>T	ENST00000256474.2	ENST00000256474	ENSP00000256474	Ensembl	Match
chr3:10146586:C:T	c2g	0	2120	chr3:g.10188270C>T	ENST00000256474.2	ENST00000256474	None	GENCODE	Match
chr3:10146593:CA:C	c2g	0	1823	chr3:g.10188279delA	ENST00000256474.2	ENST00000256474	ENSP00000256474	Ensembl	Match
chr3:10146593:CA:C	c2g	0	1823	chr3:g.10188279delA	ENST00000256474.2	ENST00000256474	None	GENCODE	Match
chr3:10146604:G:GA	c2g	0	2155	chr3:g.10188289dupA	ENST00000256474.2	ENST00000256474	ENSP00000256474	Ensembl	Match
chr3:10146604:G:GA	c2g	0	2155	chr3:g.10188289dupA	ENST00000256474.2	ENST00000256474	None	GENCODE	Match
chr3:10146608:GC:G	c2g	0	2055	chr3:g.10188294delC	ENST00000256474.2	ENST00000256474	ENSP00000256474	Ensembl	Match
chr3:10146608:GC:G	c2g	0	2055	chr3:g.10188294delC	ENST00000256474.2	ENST00000256474	None	GENCODE	Match
chr3:10146616:TTGCCAATATCACAC:T	c2g	0	2029	chr3:g.10188306_10188319del14	ENST00000256474.2	ENST00000256474	ENSP00000256474	Ensembl	Match
chr3:10146616:TTGCCAATATCACAC:T	c2g	0	2029	chr3:g.10188306_10188319del14	ENST00000256474.2	ENST00000256474	None	GENCODE	Match
chr3:10146626:C:G	c2g	0	2030	chr3:g.10188310C>G	ENST00000256474.2	ENST00000256474	ENSP00000256474	Ensembl	Match
chr3:10146626:C:G	c2g	0	2030	chr3:g.10188310C>G	ENST00000256474.2	ENST00000256474	None	GENCODE	Match
chr3:10149796:TGAA:TC	c2g	0	2137	chr3:g.10191481_10191483delinsC	ENST00000256474.2	ENST00000256474	ENSP00000256474	Ensembl	Match
chr3:10149796:TGAA:TC	c2g	0	2137	chr3:g.10191481_10191483delinsC	ENST00000256474.2	ENST00000256474	None	GENCODE	Match
chr3:10149797:GA:G	c2g	2	2098	chr3:g.10191484delA	ENST00000256474.2	ENST00000256474	ENSP00000256474	Ensembl	Match
chr3:10149797:GA:G	c2g	2	2098	chr3:g.10191484delA	ENST00000256474.2	ENST00000256474	None	GENCODE	Match
chr3:10149798:A:G	c2g	0	1862	chr3:g.10191482A>G	ENST00000256474.2	ENST00000256474	ENSP00000256474	Ensembl	Match
chr3:10149798:A:G	c2g	0	1862	chr3:g.10191482A>G	ENST00000256474.2	ENST00000256474	None	GENCODE	Match
chr3:10149799:AAG:A	c2g	0	2032	chr3:g.10191486_10191487delAG	ENST00000256474.2	ENST00000256474	ENSP00000256474	Ensembl	Match
chr3:10149799:AAG:A	c2g	0	2032	chr3:g.10191486_10191487delAG	ENST00000256474.2	ENST00000256474	None	GENCODE	Match
chr3:10149799:A:AAC	c2g	0	2040	chr3:g.10191484_10191485insCA	ENST00000256474.2	ENST00000256474	ENSP00000256474	Ensembl	Match
chr3:10149799:A:AAC	c2g	0	2040	chr3:g.10191484_10191485insCA	ENST00000256474.2	ENST00000256474	None	GENCODE	Match
chr3:10149805:GA:G	c2g	0	2035	chr3:g.10191490delA	ENST00000256474.2	ENST00000256474	ENSP00000256474	Ensembl	Match
chr3:10149805:GA:G	c2g	0	2035	chr3:g.10191490delA	ENST00000256474.2	ENST00000256474	None	GENCODE	Match
chr3:10149811:T:A	c2g	0	2033	chr3:g.10191495T>A	ENST00000256474.2	ENST00000256474	ENSP00000256474	Ensembl	Match
chr3:10149811:T:A	c2g	0	2033	chr3:g.10191495T>A	ENST00000256474.2	ENST00000256474	None	GENCODE	Match
chr3:10149815:G:C	c2g	0	1943	chr3:g.10191499G>C	ENST	ENST00000256474	ENSP00000256474	Ensembl	No_civic_info
chr3:10149815:G:C	c2g	0	1943	chr3:g.10191499G>C	ENST	ENST00000256474	None	GENCODE	No_civic_info
chr3:10149821:CCGGAGC:CT	c2g	0	1975	chr3:g.10191506_10191511delinsT	ENST00000256474.2	ENST00000256474	ENSP00000256474	Ensembl	Match
chr3:10149821:CCGGAGC:CT	c2g	0	1975	chr3:g.10191506_10191511delinsT	ENST00000256474.2	ENST00000256474	None	GENCODE	Match
chr3:10149838:CT:C	c2g	0	2005	chr3:g.10191523delT	ENST00000256474.2	ENST00000256474	ENSP00000256474	Ensembl	Match
chr3:10149838:CT:C	c2g	0	2005	chr3:g.10191523delT	ENST00000256474.2	ENST00000256474	None	GENCODE	Match
chr3:10149847:AC:A	c2g	0	2138	chr3:g.10191532delC	ENST00000256474.2	ENST00000256474	ENSP00000256474	Ensembl	Match
chr3:10149847:AC:A	c2g	0	2138	chr3:g.10191532delC	ENST00000256474.2	ENST00000256474	None	GENCODE	Match
chr3:10149848:CA:C	c2g	0	1780	chr3:g.10191533delA	ENST00000256474.2	ENST00000256474	ENSP00000256474	Ensembl	Match
chr3:10149848:CA:C	c2g	0	1780	chr3:g.10191533delA	ENST00000256474.2	ENST00000256474	None	GENCODE	Match
chr3:10149849:AG:A	c2g	0	2080	chr3:g.10191535delG	ENST00000256474.2	ENST00000256474	ENSP00000256474	Ensembl	Match
chr3:10149849:AG:A	c2g	0	2080	chr3:g.10191535delG	ENST00000256474.2	ENST00000256474	None	GENCODE	Match
chr3:10149870:TC:T	c2g	0	2100	chr3:g.10191555delC	ENST00000256474.2	ENST00000256474	ENSP00000256474	Ensembl	Match
chr3:10149870:TC:T	c2g	0	2100	chr3:g.10191555delC	ENST00000256474.2	ENST00000256474	None	GENCODE	Match
chr3:10149874:T:A	c2g	0	2070	chr3:g.10191558T>A	ENST00000256474.2	ENST00000256474	ENSP00000256474	Ensembl	Match
chr3:10149874:T:A	c2g	0	2070	chr3:g.10191558T>A	ENST00000256474.2	ENST00000256474	None	GENCODE	Match
chr3:10149884:TC:T	c2g	1	2139	chr3:g.10191569delC	ENST00000256474.2	ENST00000256474	ENSP00000256474	Ensembl	Match
chr3:10149884:TC:T	c2g	1	2139	chr3:g.10191569delC	ENST00000256474.2	ENST00000256474	None	GENCODE	Match
chr3:10149886:T:A	c2g	1	1861	chr3:g.10191570T>A	ENST00000256474.2	ENST00000256474	ENSP00000256474	Ensembl	Match
chr3:10149886:T:A	c2g	1	1861	chr3:g.10191570T>A	ENST00000256474.2	ENST00000256474	None	GENCODE	Match
chr3:10149886:T:G	c2g	0	1924	chr3:g.10191570T>G	ENST00000256474.2	ENST00000256474	ENSP00000256474	Ensembl	Match
chr3:10149886:T:G	c2g	0	1924	chr3:g.10191570T>G	ENST00000256474.2	ENST00000256474	None	GENCODE	Match
chr3:10149901:ATG:A	c2g	0	1977	chr3:g.10191588_10191589delTG	ENST00000256474.2	ENST00000256474	ENSP00000256474	Ensembl	Match
chr3:10149901:ATG:A	c2g	0	1977	chr3:g.10191588_10191589delTG	ENST00000256474.2	ENST00000256474	None	GENCODE	Match
chr3:10149906:CAG:C	c2g	0	2140	chr3:g.10191592_10191593delGA	ENST00000256474.2	ENST00000256474	ENSP00000256474	Ensembl	Match
chr3:10149906:CAG:C	c2g	0	2140	chr3:g.10191592_10191593delGA	ENST00000256474.2	ENST00000256474	None	GENCODE	Match
chr3:10149911:AG:A	c2g	0	2141	chr3:g.10191596delG	ENST00000256474.2	ENST00000256474	ENSP00000256474	Ensembl	Match
chr3:10149911:AG:A	c2g	0	2141	chr3:g.10191596delG	ENST00000256474.2	ENST00000256474	None	GENCODE	Match
chr3:10149914:CCT:C	c2g	0	2126	chr3:g.10191599_10191600delCT	ENST00000256474.2	ENST00000256474	ENSP00000256474	Ensembl	Match
chr3:10149914:CCT:C	c2g	0	2126	chr3:g.10191599_10191600delCT	ENST00000256474.2	ENST00000256474	None	GENCODE	Match
chr3:10149963:T:G	c2g	0	2488	chr3:g.10191647T>G	ENST00000256474.2	NM_000551	None	UCSCRefGene	No_civic_info
chr3:10149963:T:G	c2g	0	2488	chr3:g.10191647T>G	ENST00000256474.2	NM_000551	NP_000542	RefSeq"	No_civic_info
chr3:10149972:C:G	c2g	0	2024	chr3:g.10191656C>G	ENST00000256474.2	ENST00000256474	ENSP00000256474	Ensembl	Match
chr3:10149972:C:G	c2g	0	2024	chr3:g.10191656C>G	ENST00000256474.2	ENST00000256474	None	GENCODE	Match
chr3:36993647:G:A	c2g	0	2346	chr3:g.37035138G>A	None	NM_000249	None	UCSCRefGene	No_civic_info
chr3:36993647:G:A	c2g	0	2346	chr3:g.37035138G>A	None	NM_000249	NP_000240	RefSeq"	No_civic_info
chr4:54285856:C:A	c2g	0	1540	chr4:g.55152023C>A	ENST00000257290.5	ENST00000257290	ENSP00000257290	Ensembl	Match
chr4:54285856:C:A	c2g	0	1540	chr4:g.55152023C>A	ENST00000257290.5	ENST00000257290	None	GENCODE	Match
chr4:54727420:C:T	c2g	0	950	chr4:g.55593586C>T	ENST00000288135.5	ENST00000288135	ENSP00000288135	Ensembl	Match
chr4:54727420:C:T	c2g	0	950	chr4:g.55593586C>T	ENST00000288135.5	ENST00000288135	None	GENCODE	Match
chr4:54727421:CATGTATGAAGTACAGTGG:C	c2g	0	951	chr4:g.55593589_55593606del18	ENST00000288135.5	ENST00000288135	ENSP00000288135	Ensembl	Match
chr4:54727421:CATGTATGAAGTACAGTGG:C	c2g	0	951	chr4:g.55593589_55593606del18	ENST00000288135.5	ENST00000288135	None	GENCODE	Match
chr4:54727427:TGAAGTACAGTGGAAG:T	c2g	0	954	chr4:g.55593595_55593609del15	ENST00000288135.5	ENST00000288135	ENSP00000288135	Ensembl	Match
chr4:54727427:TGAAGTACAGTGGAAG:T	c2g	0	954	chr4:g.55593595_55593609del15	ENST00000288135.5	ENST00000288135	None	GENCODE	Match
chr4:54727430:AGTACAG:A	c2g	0	956	chr4:g.55593597_55593602delGTACAG	ENST00000288135.5	ENST00000288135	ENSP00000288135	Ensembl	Match
chr4:54727430:AGTACAG:A	c2g	0	956	chr4:g.55593597_55593602delGTACAG	ENST00000288135.5	ENST00000288135	None	GENCODE	Match
chr4:54727439:GAAGGTT:G	c2g	0	964	chr4:g.55593606_55593611delAAGGTT	ENST00000288135.5	ENST00000288135	ENSP00000288135	Ensembl	Match
chr4:54727439:GAAGGTT:G	c2g	0	964	chr4:g.55593606_55593611delAAGGTT	ENST00000288135.5	ENST00000288135	None	GENCODE	Match
chr4:54727442:GGTTGTT:G	c2g	0	967	chr4:g.55593610_55593615delTTGTTG	ENST00000288135.5	ENST00000288135	ENSP00000288135	Ensembl	Match
chr4:54727442:GGTTGTT:G	c2g	0	967	chr4:g.55593610_55593615delTTGTTG	ENST00000288135.5	ENST00000288135	None	GENCODE	Match
chr4:54727500:TATG:T	c2g	0	977	chr4:g.55593669_55593671delGAT	ENST00000288135.5	ENST00000288135	ENSP00000288135	Ensembl	Match
chr4:54727500:TATG:T	c2g	0	977	chr4:g.55593669_55593671delGAT	ENST00000288135.5	ENST00000288135	None	GENCODE	Match
chr7:55181305:A:ATGGCCAGCG	c2g	12	736	chr7:g.55249002_55249010dupCCAGCGTGG	ENST00000275493.2	NM_005228	None	UCSCRefGene	No_civic_info
chr7:55181305:A:ATGGCCAGCG	c2g	12	736	chr7:g.55249002_55249010dupCCAGCGTGG	ENST00000275493.2	NM_005228	NP_005219	RefSeq"	No_civic_info
chr7:55181399:G:A	c2g	0	1574	chr7:g.55249092G>A	ENST00000275493.2	ENST00000275493	ENSP00000275493	Ensembl	Match
chr7:55181399:G:A	c2g	0	1574	chr7:g.55249092G>A	ENST00000275493.2	ENST00000275493	None	GENCODE	Match
chr7:55181425:A:G	c2g	0	1895	chr7:g.55249118A>G	ENST00000275493.2	ENST00000275493	ENSP00000275493	Ensembl	Match
chr7:55181425:A:G	c2g	0	1895	chr7:g.55249118A>G	ENST00000275493.2	ENST00000275493	None	GENCODE	Match
chr7:55191824:G:A	c2g	0	1474	chr7:g.55259517G>A	ENST00000275493.2	ENST00000275493	ENSP00000275493	Ensembl	Match
chr7:55191824:G:A	c2g	0	1474	chr7:g.55259517G>A	ENST00000275493.2	ENST00000275493	None	GENCODE	Match
chr7:55191839:G:A	c2g	0	1187	chr7:g.55259532G>A	ENST00000275493.2	ENST00000275493	ENSP00000275493	Ensembl	Match
chr7:55191839:G:A	c2g	0	1187	chr7:g.55259532G>A	ENST00000275493.2	ENST00000275493	None	GENCODE	Match
chr7:140778037:TAGGTGCTGTCACATTCAA:T	c2g	0	522	chr7:g.140477838_140477855del18	ENST00000288602.6	ENST00000288602	ENSP00000288602	Ensembl	Match
chr7:140778037:TAGGTGCTGTCACATTCAA:T	c2g	0	522	chr7:g.140477838_140477855del18	ENST00000288602.6	ENST00000288602	None	GENCODE	Match
chr9:21974770:C:G	c2g	0	1522	chr9:g.21974769C>G	ENST00000498124.1	ENST00000498124	ENSP00000418915	Ensembl	Match
chr9:21974770:C:G	c2g	0	1522	chr9:g.21974769C>G	ENST00000498124.1	ENST00000498124	None	GENCODE	Match
chr9:130862815:A:T	c2g	0	1595	chr9:g.133738202A>T	ENST00000318560.5	ENST00000318560	ENSP00000323315	Ensembl	Match
chr9:130862815:A:T	c2g	0	1595	chr9:g.133738202A>T	ENST00000318560.5	ENST00000318560	None	GENCODE	Match
chr9:130862922:A:G	c2g	0	1597	chr9:g.133738309A>G	ENST00000318560.5	ENST00000318560	ENSP00000323315	Ensembl	Match
chr9:130862922:A:G	c2g	0	1597	chr9:g.133738309A>G	ENST00000318560.5	ENST00000318560	None	GENCODE	Match
chr9:130862938:T:C	c2g	0	1598	chr9:g.133738325T>C	ENST00000318560.5	ENST00000318560	ENSP00000323315	Ensembl	Match
chr9:130862938:T:C	c2g	0	1598	chr9:g.133738325T>C	ENST00000318560.5	ENST00000318560	None	GENCODE	Match
chr9:130862968:A:G	c2g	0	1600	chr9:g.133738355A>G	ENST00000318560.5	ENST00000318560	ENSP00000323315	Ensembl	Match
chr9:130862968:A:G	c2g	0	1600	chr9:g.133738355A>G	ENST00000318560.5	ENST00000318560	None	GENCODE	Match
chr9:130863030:T:A	c2g	0	1602	chr9:g.133738417T>A	ENST00000318560.5	ENST00000318560	ENSP00000323315	Ensembl	Match
chr9:130863030:T:A	c2g	0	1602	chr9:g.133738417T>A	ENST00000318560.5	ENST00000318560	None	GENCODE	Match
chr9:130872135:A:G	c2g	0	1494	chr9:g.133747522A>G	ENST00000318560.5	ENST00000318560	ENSP00000323315	Ensembl	Match
chr9:130872135:A:G	c2g	0	1494	chr9:g.133747522A>G	ENST00000318560.5	ENST00000318560	None	GENCODE	Match
chr9:130872198:C:G	c2g	0	1506	chr9:g.133747585C>G	ENST00000318560.5	ENST00000318560	ENSP00000323315	Ensembl	Match
chr9:130872198:C:G	c2g	0	1506	chr9:g.133747585C>G	ENST00000318560.5	ENST00000318560	None	GENCODE	Match
chr9:130872205:A:G	c2g	0	1527	chr9:g.133747592A>G	ENST00000318560.5	ENST00000318560	ENSP00000323315	Ensembl	Match
chr9:130872205:A:G	c2g	0	1527	chr9:g.133747592A>G	ENST00000318560.5	ENST00000318560	None	GENCODE	Match
chr9:130872944:A:G	c2g	0	1529	chr9:g.133748331A>G	ENST00000318560.5	ENST00000318560	ENSP00000323315	Ensembl	Match
chr9:130872944:A:G	c2g	0	1529	chr9:g.133748331A>G	ENST00000318560.5	ENST00000318560	None	GENCODE	Match
chr9:130872946:C:T	c2g	0	1656	chr9:g.133748333C>T	ENST00000372348.2	ENST00000372348	ENSP00000361423	Ensembl	Match
chr9:130872946:C:T	c2g	0	1656	chr9:g.133748333C>T	ENST00000372348.2	ENST00000372348	None	GENCODE	Match
chr9:130872959:A:G	c2g	0	1640	chr9:g.133748346A>G	ENST00000318560.5	ENST00000318560	ENSP00000323315	Ensembl	Match
chr9:130872959:A:G	c2g	0	1640	chr9:g.133748346A>G	ENST00000318560.5	ENST00000318560	None	GENCODE	Match
chr9:130874872:C:A	c2g	1	1508	chr9:g.133750259C>A	ENST00000318560.5	ENST00000318560	ENSP00000323315	Ensembl	Match
chr9:130874872:C:A	c2g	1	1508	chr9:g.133750259C>A	ENST00000318560.5	ENST00000318560	None	GENCODE	Match
chr9:130874873:T:C	c2g	0	1530	chr9:g.133750260T>C	ENST00000318560.5	ENST00000318560	ENSP00000323315	Ensembl	Match
chr9:130874873:T:C	c2g	0	1530	chr9:g.133750260T>C	ENST00000318560.5	ENST00000318560	None	GENCODE	Match
chr9:130874941:T:A	c2g	0	1488	chr9:g.133750328T>A	ENST00000318560.5	ENST00000318560	ENSP00000323315	Ensembl	Match
chr9:130874941:T:A	c2g	0	1488	chr9:g.133750328T>A	ENST00000318560.5	ENST00000318560	None	GENCODE	Match
chr9:130874944:A:T	c2g	0	1610	chr9:g.133750331A>T	ENST00000318560.5	ENST00000318560	ENSP00000323315	Ensembl	Match
chr9:130874944:A:T	c2g	0	1610	chr9:g.133750331A>T	ENST00000318560.5	ENST00000318560	None	GENCODE	Match
chr9:130875032:C:A	c2g	0	1613	chr9:g.133750419C>A	ENST00000318560.5	ENST00000318560	ENSP00000323315	Ensembl	Match
chr9:130875032:C:A	c2g	0	1613	chr9:g.133750419C>A	ENST00000318560.5	ENST00000318560	None	GENCODE	Match
chr9:130875034:A:G	c2g	0	1614	chr9:g.133750421A>G	ENST00000318560.5	ENST00000318560	ENSP00000323315	Ensembl	Match
chr9:130875034:A:G	c2g	0	1614	chr9:g.133750421A>G	ENST00000318560.5	ENST00000318560	None	GENCODE	Match
chr9:130875035:T:G	c2g	0	1615	chr9:g.133750422T>G	ENST00000	ENST00000318560	ENSP00000323315	Ensembl	No_civic_info
chr9:130875035:T:G	c2g	0	1615	chr9:g.133750422T>G	ENST00000	ENST00000318560	None	GENCODE	No_civic_info
chr9:130878439:T:C	c2g	0	1533	chr9:g.133753826T>C	ENST00000318560.5	ENST00000318560	ENSP00000323315	Ensembl	Match
chr9:130878439:T:C	c2g	0	1533	chr9:g.133753826T>C	ENST00000318560.5	ENST00000318560	None	GENCODE	Match
chr9:130878457:C:G	c2g	0	1495	chr9:g.133753844C>G	ENST00000318560.5	ENST00000318560	ENSP00000323315	Ensembl	Match
chr9:130878457:C:G	c2g	0	1495	chr9:g.133753844C>G	ENST00000318560.5	ENST00000318560	None	GENCODE	Match
chr9:130878466:C:T	c2g	0	1616	chr9:g.133753853C>T	ENST00000318560.5	ENST00000318560	ENSP00000323315	Ensembl	Match
chr9:130878466:C:T	c2g	0	1616	chr9:g.133753853C>T	ENST00000318560.5	ENST00000318560	None	GENCODE	Match
chr9:130878519:G:A	c2g	0	2370	chr9:g.133753906G>A	ENST00000318560.5	ENST00000318560	ENSP00000323315	Ensembl	Match
chr9:130878519:G:A	c2g	0	2370	chr9:g.133753906G>A	ENST00000318560.5	ENST00000318560	None	GENCODE	Match
chr9:130878560:G:A	c2g	0	1622	chr9:g.133753947G>A	ENST00000318560.5	ENST00000318560	ENSP00000323315	Ensembl	Match
chr9:130878560:G:A	c2g	0	1622	chr9:g.133753947G>A	ENST00000318560.5	ENST00000318560	None	GENCODE	Match
chr9:130880082:C:G	c2g	0	1537	chr9:g.133755469C>G	ENST00000318560.5	ENST00000318560	ENSP00000323315	Ensembl	Match
chr9:130880082:C:G	c2g	0	1537	chr9:g.133755469C>G	ENST00000318560.5	ENST00000318560	None	GENCODE	Match
chr9:130880083:C:T	c2g	0	1623	chr9:g.133755470C>T	ENST00000318560.5	ENST00000318560	ENSP00000323315	Ensembl	Match
chr9:130880083:C:T	c2g	0	1623	chr9:g.133755470C>T	ENST00000318560.5	ENST00000318560	None	GENCODE	Match
chr9:130880526:G:A	c2g	0	1624	chr9:g.133755913G>A	ENST00000318560.5	ENST00000318560	ENSP00000323315	Ensembl	Match
chr9:130880526:G:A	c2g	0	1624	chr9:g.133755913G>A	ENST00000318560.5	ENST00000318560	None	GENCODE	Match
chr9:136496408:TG:TTGT	c2g	0	137	chr9:g.139390861delinsTGT	ENST00000277541.6	ENST00000277541	ENSP00000277541	Ensembl	Match
chr9:136496408:TG:TTGT	c2g	0	137	chr9:g.139390861delinsTGT	ENST00000277541.6	ENST00000277541	None	GENCODE	Match
chr11:108326112:GTC:G	c2g	0	243	chr11:g.108196843_108196844delCT	ENST00000278616.4	ENST00000278616	ENSP00000278616	Ensembl	Match
chr11:108326112:GTC:G	c2g	0	243	chr11:g.108196843_108196844delCT	ENST00000278616.4	ENST00000278616	None	GENCODE	Match
chr13:28018505:C:A	c2g	7	613	chr13:g.28592642C>A	ENST00000241453.7	ENST00000241453	ENSP00000241453	Ensembl	Match
chr13:28018505:C:A	c2g	7	613	chr13:g.28592642C>A	ENST00000241453.7	ENST00000241453	None	GENCODE	Match
chr13:28018505:C:A	c2g	7	613	chr13:g.28592642C>A	ENST00000241453.7	NM_004119	None	UCSCRefGene	No_civic_info
chr13:28018505:C:A	c2g	7	613	chr13:g.28592642C>A	ENST00000241453.7	NM_004119	NP_004110	RefSeq"	No_civic_info
chr13:28018505:C:G	c2g	1	613	chr13:g.28592642C>G	ENST00000241453.7	ENST00000241453	ENSP00000241453	Ensembl	Match
chr13:28018505:C:G	c2g	1	613	chr13:g.28592642C>G	ENST00000241453.7	ENST00000241453	None	GENCODE	Match
chr13:28018505:C:G	c2g	1	613	chr13:g.28592642C>G	ENST00000241453.7	NM_004119	None	UCSCRefGene	No_civic_info
chr13:28018505:C:G	c2g	1	613	chr13:g.28592642C>G	ENST00000241453.7	NM_004119	NP_004110	RefSeq"	No_civic_info
chr17:39723960:A:G	c2g	0	1312	chr17:g.37880213A>G	ENST00000269571.5	ENST00000269571	ENSP00000269571	Ensembl	Match
chr17:39723960:A:G	c2g	0	1312	chr17:g.37880213A>G	ENST00000269571.5	ENST00000269571	None	GENCODE	Match
chr17:39724006:T:C	c2g	0	1308	chr17:g.37880259T>C	ENST00000269571.5	ENST00000269571	ENSP00000269571	Ensembl	Match
chr17:39724006:T:C	c2g	0	1308	chr17:g.37880259T>C	ENST00000269571.5	ENST00000269571	None	GENCODE	Match
chr17:39724743:TGG:TCT	c2g	0	816	chr17:g.37880997_37880998delinsCT	ENST00000269571.5	ENST00000269571	ENSP00000269571	Ensembl	Match
chr17:39724743:TGG:TCT	c2g	0	816	chr17:g.37880997_37880998delinsCT	ENST00000269571.5	ENST00000269571	None	GENCODE	Match
chr17:39724749:G:GGGCTCCCCA	c2g	0	817	chr17:g.37881003_37881011dupGGCTCCCCA	ENST00000269571.5	NM_004448	None	UCSCRefGene	No_civic_info
chr17:39724749:G:GGGCTCCCCA	c2g	0	817	chr17:g.37881003_37881011dupGGCTCCCCA	ENST00000269571.5	NM_004448	NP_004439	RefSeq"	No_civic_info
chr22:21772873:C:T	c2g	0	1552	chr22:g.22127162C>T	ENST00000544786.1	ENST00000544786	ENSP00000440842	Ensembl	Match
chr22:21772873:C:T	c2g	0	1552	chr22:g.22127162C>T	ENST00000544786.1	ENST00000544786	None	GENCODE	Match
