parsed_var_hg38	parsed_type	var_freq_in_gdc_maf	civic_var_id	hgvs.g
chr1:8013449:C:A	g	1	658	NC_000001.10:g.8073509C>A
chr1:11117039:C:A	g	0	589	NC_000001.10:g.11177096C>A
chr1:11124516:G:T	g	12	540	NC_000001.10:g.11184573G>T
chr1:11124523:G:A	g	0	284	NC_000001.10:g.11184580G>A
chr1:11127037:G:T	g	0	469	NC_000001.10:g.11187094G>T
chr1:11127739:G:A	g	0	604	NC_000001.10:g.11187796G>A
chr1:11128462:G:A	g	0	283	NC_000001.10:g.11188519G>A
chr1:11130747:C:T	g	11	543	NC_000001.10:g.11190804C>T
chr1:11157173:C:T	g	1	542	NC_000001.10:g.11217230C>T
chr1:11796321:G:A	g	24	258	NC_000001.10:g.11856378G>A
chr1:64845520:C:A	g	1	811	NC_000001.10:g.65311203C>A
chr1:64855650:G:A	g	0	610	NC_000001.10:g.65321333G>A
chr1:64860154:G:A	g	0	1287	NC_000001.10:g.65325837G>A
chr1:97450058:C:T	g	0	731	NC_000001.10:g.97915614C>T
chr1:97515787:A:C	g	0	733	NC_000001.10:g.97981343A>C
chr1:114713907:T:G	g	6	885	NC_000001.10:g.115256528T>G
chr1:114713908:T:A	g	26	95	NC_000001.10:g.115256529T>A
chr1:114713908:T:C	g	121	96	NC_000001.10:g.115256529T>C
chr1:114713909:G:T	g	72	427	NC_000001.10:g.115256530G>T
chr1:114716123:C:T	g	8	93	NC_000001.10:g.115258744C>T
chr1:114716124:C:A	g	2	886	NC_000001.10:g.115258745C>A
chr1:114716124:C:G	g	9	892	NC_000001.10:g.115258745C>G
chr1:114716126:C:T	g	19	872	NC_000001.10:g.115258747C>T
chr1:114716127:C:A	g	7	893	NC_000001.10:g.115258748C>A
chr1:114716127:C:T	g	3	895	NC_000001.10:g.115258748C>T
chr1:161509955:A:G	g	23	455	NC_000001.10:g.161479745A>G
chr1:161544752:A:C	g	13	456	NC_000001.10:g.161514542A>C
chr1:161674008:T:C	g	14	457	NC_000001.10:g.161643798T>C
chr1:162754625:C:G	g	0	139	NC_000001.10:g.162724415C>G
chr1:162759840:T:G	g	0	140	NC_000001.10:g.162729630T>G
chr1:162759881:G:T	g	0	141	NC_000001.10:g.162729671G>T
chr1:162772032:G:A	g	2	142	NC_000001.10:g.162741822G>A
chr1:162775707:A:T	g	0	143	NC_000001.10:g.162745497A>T
chr1:162778600:T:A	g	0	145	NC_000001.10:g.162748390T>A
chr1:162778617:G:T	g	1	144	NC_000001.10:g.162748407G>T
chr1:243695714:C:T	g	4	1196	NC_000001.10:g.243859016C>T
chr2:21904292:C:T	g	0	320	NC_000002.11:g.22127164C>T
chr2:25234307:G:A	g	2	479	NC_000002.11:g.25457176G>A
chr2:29209798:C:T	g	0	9	NC_000002.11:g.29432664C>T
chr2:29209816:C:G	g	0	2307	NC_000002.11:g.29432682C>G
chr2:29209816:C:G	g	0	2307	NC_000002.11:g.29432682C>G
chr2:29213993:A:C	g	0	2300	NC_000002.11:g.29436859A>C
chr2:29213993:A:C	g	0	2300	NC_000002.11:g.29436859A>C
chr2:29213994:A:C	g	0	1289	NC_000002.11:g.29436860A>C
chr2:29220734:G:T	g	0	172	NC_000002.11:g.29443600G>T
chr2:29220747:C:T	g	0	171	NC_000002.11:g.29443613C>T
chr2:29220759:G:A	g	0	1267	NC_000002.11:g.29443625G>A
chr2:29220765:G:T	g	0	7	NC_000002.11:g.29443631G>T
chr2:29220776:C:G	g	0	1625	NC_000002.11:g.29443642C>G
chr2:29220813:C:G	g	0	527	NC_000002.11:g.29443679C>G
chr2:29220829:G:T	g	0	8	NC_000002.11:g.29443695G>T
chr2:29222347:A:G	g	0	518	NC_000002.11:g.29445213A>G
chr2:29222347:A:T	g	0	583	NC_000002.11:g.29445213A>T
chr2:29222347:A:C	g	0	584	NC_000002.11:g.29445213A>C
chr2:29222392:C:T	g	0	6	NC_000002.11:g.29445258C>T
chr2:29222404:A:C	g	0	307	NC_000002.11:g.29445270A>C
chr2:29222405:G:GCGT	g	0	173	NC_000002.11:g.29445271_29445272insCGT
chr2:29222407:G:A	g	0	1395	NC_000002.11:g.29445273G>A
chr2:47410241:A:T	g	0	767	NC_000002.11:g.47637380A>T
chr2:47414293:GT:G	g	0	759	NC_000002.11:g.47641433del
chr2:47429812:C:T	g	0	723	NC_000002.11:g.47656951C>T
chr2:47463092:A:G	g	0	770	NC_000002.11:g.47690231A>G
chr2:47791078:C:A	g	0	758	NC_000002.11:g.48018217C>A
chr2:47799037:G:A	g	0	771	NC_000002.11:g.48026176G>A
chr2:47800654:ATC:A	g	0	762	NC_000002.11:g.48027794_48027795del
chr2:47800897:A:T	g	0	752	NC_000002.11:g.48028036A>T
chr2:47806281:C:T	g	0	772	NC_000002.11:g.48033420C>T
chr2:47806282:G:A	g	2	764	NC_000002.11:g.48033421G>A
chr2:157766004:C:A	g	1	1626	NC_000002.11:g.158622516C>A
chr2:197402110:T:C	g	21	556	NC_000002.11:g.198266834T>C
chr2:197402635:C:A	g	0	114	NC_000002.11:g.198267359C>A
chr2:201284866:G:C	g	12	641	NC_000002.11:g.202149589G>C
chr2:208248388:C:T	g	413	420	NC_000002.11:g.209113112C>T
chr2:208248388:C:A	g	3	873	NC_000002.11:g.209113112C>A
chr2:208248389:G:A	g	56	59	NC_000002.11:g.209113113G>A
chr2:208248389:G:C	g	18	913	NC_000002.11:g.209113113G>C
chr2:208248389:G:T	g	10	918	NC_000002.11:g.209113113G>T
chr3:10141844:GGGAATGCCCCGGAGGGC:G	g	0	838	NC_000003.11:g.10183532_10183548del
chr3:10141846:GAATGCCCCGGAGGGCGGAGAA:G	g	0	840	NC_000003.11:g.10183531_10183551del
chr3:10141850:G:A	g	0	841	NC_000003.11:g.10183534G>A
chr3:10141866:A:G	g	0	846	NC_000003.11:g.10183550A>G
chr3:10141871:G:A	g	0	1288	NC_000003.11:g.10183555G>A
chr3:10141883:G:C	g	0	1627	NC_000003.11:g.10183567G>C
chr3:10141921:C:T	g	0	847	NC_000003.11:g.10183605C>T
chr3:10141983:G:T	g	1	1653	NC_000003.11:g.10183667G>T
chr3:10142001:G:A	g	1	1661	NC_000003.11:g.10183685G>A
chr3:10142008:TG:T	g	0	763	NC_000003.11:g.10183694del
chr3:10142008:TGGAGG:T	g	0	820	NC_000003.11:g.10183693_10183697del
chr3:10142009:GGA:G	g	0	761	NC_000003.11:g.10183694_10183695del
chr3:10142012:G:A	g	0	787	NC_000003.11:g.10183696G>A
chr3:10142020:G:GC	g	0	2330	NC_000003.11:g.10183704_10183705insC
chr3:10142020:G:GC	g	0	2330	NC_000003.11:g.10183704_10183705insC
chr3:10142021:GC:G	g	0	1921	NC_000003.11:g.10183707del
chr3:10142022:C:T	g	1	1923	NC_000003.11:g.10183706C>T
chr3:10142025:CG:C	g	0	1746	NC_000003.11:g.10183711del
chr3:10142030:C:G	g	0	1926	NC_000003.11:g.10183714C>G
chr3:10142035:T:C	g	0	2502	NC_000003.11:g.10183719T>C
chr3:10142035:T:C	g	0	2502	NC_000003.11:g.10183719T>C
chr3:10142038:G:C	g	0	1859	NC_000003.11:g.10183722G>C
chr3:10142040:T:C	g	0	1886	NC_000003.11:g.10183724T>C
chr3:10142040:T:G	g	1	2004	NC_000003.11:g.10183724T>G
chr3:10142040:TC:T	g	0	2119	NC_000003.11:g.10183725del
chr3:10142041:C:G	g	1	1778	NC_000003.11:g.10183725C>G
chr3:10142041:C:T	g	2	1781	NC_000003.11:g.10183725C>T
chr3:10142041:CG:C	g	0	1782	NC_000003.11:g.10183727del
chr3:10142041:C:A	g	4	1807	NC_000003.11:g.10183725C>A
chr3:10142044:T:G	g	0	1931	NC_000003.11:g.10183728T>G
chr3:10142049:T:C	g	0	1864	NC_000003.11:g.10183733T>C
chr3:10142050:C:A	g	3	2110	NC_000003.11:g.10183734C>A
chr3:10142055:G:T	g	1	1826	NC_000003.11:g.10183739G>T
chr3:10142055:G:A	g	0	1937	NC_000003.11:g.10183739G>A
chr3:10142061:T:C	g	0	1887	NC_000003.11:g.10183745T>C
chr3:10142061:TC:T	g	0	2027	NC_000003.11:g.10183748del
chr3:10142064:C:T	g	2	1747	NC_000003.11:g.10183748C>T
chr3:10142068:T:G	g	0	1989	NC_000003.11:g.10183752T>G
chr3:10142070:ATCT:A	g	1	1917	NC_000003.11:g.10183758_10183760del
chr3:10142070:ATCT:A	g	1	2007	NC_000003.11:g.10183757_10183759del
chr3:10142073:T:A	g	0	1745	NC_000003.11:g.10183757T>A
chr3:10142074:T:C	g	0	1827	NC_000003.11:g.10183758T>C
chr3:10142074:TCTG:T	g	0	2113	NC_000003.11:g.10183760_10183762del
chr3:10142075:C:G	g	0	2093	NC_000003.11:g.10183759C>G
chr3:10142079:A:C	g	0	1748	NC_000003.11:g.10183763A>C
chr3:10142079:A:T	g	1	2104	NC_000003.11:g.10183763A>T
chr3:10142080:A:G	g	0	1749	NC_000003.11:g.10183764A>G
chr3:10142080:A:C	g	0	1750	NC_000003.11:g.10183764A>C
chr3:10142080:A:T	g	0	2020	NC_000003.11:g.10183764A>T
chr3:10142083:G:C	g	0	1784	NC_000003.11:g.10183767G>C
chr3:10142085:A:C	g	0	1946	NC_000003.11:g.10183769A>C
chr3:10142085:A:G	g	0	2085	NC_000003.11:g.10183769A>G
chr3:10142086:G:T	g	0	1752	NC_000003.11:g.10183770G>T
chr3:10142086:G:A	g	0	1865	NC_000003.11:g.10183770G>A
chr3:10142088:C:T	g	0	1829	NC_000003.11:g.10183772C>T
chr3:10142089:C:T	g	0	2075	NC_000003.11:g.10183773C>T
chr3:10142091:C:T	g	0	2161	NC_000003.11:g.10183775C>T
chr3:10142092:G:C	g	1	1969	NC_000003.11:g.10183776G>C
chr3:10142092:G:T	g	0	2101	NC_000003.11:g.10183776G>T
chr3:10142097:G:T	g	0	1810	NC_000003.11:g.10183781G>T
chr3:10142097:G:C	g	0	1932	NC_000003.11:g.10183781G>C
chr3:10142097:G:A	g	0	2078	NC_000003.11:g.10183781G>A
chr3:10142101:T:C	g	0	2008	NC_000003.11:g.10183785T>C
chr3:10142103:C:G	g	0	1754	NC_000003.11:g.10183787C>G
chr3:10142103:C:T	g	1	1885	NC_000003.11:g.10183787C>T
chr3:10142104:C:T	g	1	1755	NC_000003.11:g.10183788C>T
chr3:10142104:C:G	g	0	1840	NC_000003.11:g.10183788C>G
chr3:10142104:C:A	g	1	2244	NC_000003.11:g.10183788C>A
chr3:10142107:T:C	g	0	2059	NC_000003.11:g.10183791T>C
chr3:10142109:T:A	g	0	1756	NC_000003.11:g.10183793T>A
chr3:10142109:TGGC:TTT	g	0	2026	NC_000003.11:g.10183794_10183796delinsTT
chr3:10142109:T:C	g	0	2043	NC_000003.11:g.10183793T>C
chr3:10142110:G:C	g	0	1953	NC_000003.11:g.10183794G>C
chr3:10142110:G:A	g	2	2133	NC_000003.11:g.10183794G>A
chr3:10142110:G:T	g	1	2162	NC_000003.11:g.10183794G>T
chr3:10142111:G:C	g	0	2114	NC_000003.11:g.10183795G>C
chr3:10142113:T:C	g	1	1787	NC_000003.11:g.10183797T>C
chr3:10142113:T:A	g	2	2245	NC_000003.11:g.10183797T>A
chr3:10142116:A:T	g	0	2130	NC_000003.11:g.10183800A>T
chr3:10142124:G:A	g	0	1855	NC_000003.11:g.10183808G>A
chr3:10142124:G:C	g	0	1914	NC_000003.11:g.10183808G>C
chr3:10142124:G:T	g	0	1999	NC_000003.11:g.10183808G>T
chr3:10142125:G:A	g	0	1852	NC_000003.11:g.10183809G>A
chr3:10142127:G:T	g	1	1788	NC_000003.11:g.10183811G>T
chr3:10142127:G:A	g	0	2156	NC_000003.11:g.10183811G>A
chr3:10142133:C:T	g	1	1839	NC_000003.11:g.10183817C>T
chr3:10142134:A:C	g	0	1811	NC_000003.11:g.10183818A>C
chr3:10142135:GC:G	g	0	2147	NC_000003.11:g.10183822del
chr3:10142137:CCTACCCAACGCTGCCGCCTG:C	g	0	849	NC_000003.11:g.10183822_10183841del
chr3:10142139:T:C	g	0	1733	NC_000003.11:g.10183823T>C
chr3:10142140:A:G	g	0	1928	NC_000003.11:g.10183824A>G
chr3:10142149:T:G	g	0	1856	NC_000003.11:g.10183833T>G
chr3:10142150:GC:G	g	0	2044	NC_000003.11:g.10183836del
chr3:10142154:C:G	g	0	1919	NC_000003.11:g.10183838C>G
chr3:10142158:G:C	g	0	2037	NC_000003.11:g.10183842G>C
chr3:10142160:A:C	g	0	1834	NC_000003.11:g.10183844A>C
chr3:10142166:C:G	g	0	1998	NC_000003.11:g.10183850C>G
chr3:10142167:G:C	g	1	1835	NC_000003.11:g.10183851G>C
chr3:10142167:G:A	g	2	2038	NC_000003.11:g.10183851G>A
chr3:10142178:A:C	g	0	2146	NC_000003.11:g.10183862A>C
chr3:10142178:A:G	g	0	2165	NC_000003.11:g.10183862A>G
chr3:10142179:G:A	g	2	1757	NC_000003.11:g.10183863G>A
chr3:10142180:C:G	g	0	1759	NC_000003.11:g.10183864C>G
chr3:10142180:C:A	g	0	1990	NC_000003.11:g.10183864C>A
chr3:10142181:T:C	g	0	1858	NC_000003.11:g.10183865T>C
chr3:10142181:T:A	g	0	1994	NC_000003.11:g.10183865T>A
chr3:10142182:AC:A	g	0	2123	NC_000003.11:g.10183868del
chr3:10142183:C:A	g	1	1760	NC_000003.11:g.10183867C>A
chr3:10142184:C:T	g	0	1789	NC_000003.11:g.10183868C>T
chr3:10142187:G:T	g	0	1791	NC_000003.11:g.10183871G>T
chr3:10142187:G:C	g	0	1850	NC_000003.11:g.10183871G>C
chr3:10142187:G:A	g	0	2011	NC_000003.11:g.10183871G>A
chr3:10142188:G:T	g	0	2060	NC_000003.11:g.10183872G>T
chr3:10142188:G:A	g	1	2105	NC_000003.11:g.10183872G>A
chr3:10142192:G:C	g	1	2079	NC_000003.11:g.10183876G>C
chr3:10146512:A:C	g	1	2122	NC_000003.11:g.10188196A>C
chr3:10146516:C:T	g	1	1915	NC_000003.11:g.10188200C>T
chr3:10146517:A:C	g	0	1874	NC_000003.11:g.10188201A>C
chr3:10146518:C:A	g	0	1734	NC_000003.11:g.10188202C>A
chr3:10146524:G:T	g	0	1761	NC_000003.11:g.10188208G>T
chr3:10146524:G:A	g	0	1813	NC_000003.11:g.10188208G>A
chr3:10146526:T:C	g	1	1793	NC_000003.11:g.10188210T>C
chr3:10146526:T:G	g	0	1814	NC_000003.11:g.10188210T>G
chr3:10146529:T:C	g	0	2107	NC_000003.11:g.10188213T>C
chr3:10146530:C:G	g	0	1738	NC_000003.11:g.10188214C>G
chr3:10146531:A:G	g	1	1909	NC_000003.11:g.10188215A>G
chr3:10146534:G:C	g	0	2143	NC_000003.11:g.10188218G>C
chr3:10146535:A:G	g	0	1808	NC_000003.11:g.10188219A>G
chr3:10146544:C:T	g	0	2042	NC_000003.11:g.10188228C>T
chr3:10146547:A:C	g	0	2053	NC_000003.11:g.10188231A>C
chr3:10146549:G:T	g	0	2041	NC_000003.11:g.10188233G>T
chr3:10146556:T:G	g	0	1875	NC_000003.11:g.10188240T>G
chr3:10146561:G:T	g	2	1867	NC_000003.11:g.10188245G>T
chr3:10146561:G:C	g	1	1963	NC_000003.11:g.10188245G>C
chr3:10146566:C:A	g	1	1936	NC_000003.11:g.10188250C>A
chr3:10146567:C:T	g	0	1987	NC_000003.11:g.10188251C>T
chr3:10146568:A:C	g	0	2115	NC_000003.11:g.10188252A>C
chr3:10146573:G:T	g	2	1873	NC_000003.11:g.10188257G>T
chr3:10146575:AT:A	g	1	1888	NC_000003.11:g.10188261del
chr3:10146580:T:C	g	0	1794	NC_000003.11:g.10188264T>C
chr3:10146580:T:G	g	0	1809	NC_000003.11:g.10188264T>G
chr3:10146585:C:A	g	0	1920	NC_000003.11:g.10188269C>A
chr3:10146594:AATGTTGACGGACAGCCTAT:A	g	0	1912	NC_000003.11:g.10188279_10188297del
chr3:10146602:CG:C	g	6	1976	NC_000003.11:g.10188288del
chr3:10146603:G:T	g	4	1845	NC_000003.11:g.10188287G>T
chr3:10146603:G:A	g	2	2048	NC_000003.11:g.10188287G>A
chr3:10146606:C:T	g	2	1871	NC_000003.11:g.10188290C>T
chr3:10146607:AGC:A	g	0	1775	NC_000003.11:g.10188292_10188293del
chr3:10146612:A:G	g	1	2022	NC_000003.11:g.10188296A>G
chr3:10146617:TG:T	g	0	2028	NC_000003.11:g.10188302del
chr3:10146618:G:T	g	0	810	NC_000003.11:g.10188302G>T
chr3:10146618:G:A	g	0	1739	NC_000003.11:g.10188302G>A
chr3:10146622:A:G	g	0	2151	NC_000003.11:g.10188306A>G
chr3:10146625:T:C	g	2	1860	NC_000003.11:g.10188309T>C
chr3:10146626:C:G	g	0	2173	NC_000003.11:g.10188310C>G
chr3:10146628:C:T	g	0	2076	NC_000003.11:g.10188312C>T
chr3:10146631:T:C	g	1	1916	NC_000003.11:g.10188315T>C
chr3:10146634:CA:C	g	0	1763	NC_000003.11:g.10188319del
chr3:10146634:C:T	g	0	1776	NC_000003.11:g.10188318C>T
chr3:10146635:A:C	g	0	1944	NC_000003.11:g.10188319A>C
chr3:10146636:G:A	g	0	2066	NC_000003.11:g.10188320G>A
chr3:10146637:G:A	g	0	1966	NC_000003.11:g.10188321G>A
chr3:10146637:G:C	g	0	1988	NC_000003.11:g.10188321G>C
chr3:10146637:G:T	g	2	2039	NC_000003.11:g.10188321G>T
chr3:10146638:T:C	g	1	2064	NC_000003.11:g.10188322T>C
chr3:10146639:A:T	g	0	2124	NC_000003.11:g.10188323A>T
chr3:10146644:C:T	g	1	2243	NC_000003.11:g.10188328C>T
chr3:10149785:A:T	g	0	1986	NC_000003.11:g.10191469A>T
chr3:10149785:A:G	g	3	2068	NC_000003.11:g.10191469A>G
chr3:10149785:A:C	g	0	2077	NC_000003.11:g.10191469A>C
chr3:10149786:G:A	g	1	1967	NC_000003.11:g.10191470G>A
chr3:10149786:G:T	g	2	1980	NC_000003.11:g.10191470G>T
chr3:10149786:G:C	g	1	2067	NC_000003.11:g.10191470G>C
chr3:10149787:T:A	g	0	1903	NC_000003.11:g.10191471T>A
chr3:10149787:T:G	g	0	1929	NC_000003.11:g.10191471T>G
chr3:10149789:T:G	g	0	1956	NC_000003.11:g.10191473T>G
chr3:10149789:T:A	g	0	2006	NC_000003.11:g.10191473T>A
chr3:10149790:A:G	g	0	1935	NC_000003.11:g.10191474A>G
chr3:10149791:T:G	g	0	1958	NC_000003.11:g.10191475T>G
chr3:10149793:C:T	g	0	1741	NC_000003.11:g.10191477C>T
chr3:10149795:C:G	g	2	1796	NC_000003.11:g.10191479C>G
chr3:10149796:T:C	g	2	1686	NC_000003.11:g.10191480T>C
chr3:10149799:AAG:A	g	0	1913	NC_000003.11:g.10191486_10191487del
chr3:10149801:G:T	g	0	2222	NC_000003.11:g.10191485G>T
chr3:10149802:A:T	g	0	2247	NC_000003.11:g.10191486A>T
chr3:10149804:C:T	g	4	1797	NC_000003.11:g.10191488C>T
chr3:10149804:C:G	g	0	1910	NC_000003.11:g.10191488C>G
chr3:10149805:G:A	g	1	1742	NC_000003.11:g.10191489G>A
chr3:10149805:G:C	g	0	1848	NC_000003.11:g.10191489G>C
chr3:10149807:T:C	g	1	1764	NC_000003.11:g.10191491T>C
chr3:10149808:G:T	g	1	1766	NC_000003.11:g.10191492G>T
chr3:10149808:G:A	g	1	1815	NC_000003.11:g.10191492G>A
chr3:10149809:C:G	g	0	1767	NC_000003.11:g.10191493C>G
chr3:10149813:C:T	g	2	1836	NC_000003.11:g.10191497C>T
chr3:10149814:A:G	g	0	1849	NC_000003.11:g.10191498A>G
chr3:10149814:A:T	g	0	2074	NC_000003.11:g.10191498A>T
chr3:10149819:G:T	g	0	1818	NC_000003.11:g.10191503G>T
chr3:10149820:T:A	g	0	1771	NC_000003.11:g.10191504T>A
chr3:10149822:C:T	g	1	1743	NC_000003.11:g.10191506C>T
chr3:10149822:C:G	g	1	1798	NC_000003.11:g.10191506C>G
chr3:10149823:G:A	g	0	1694	NC_000003.11:g.10191507G>A
chr3:10149823:G:T	g	0	1911	NC_000003.11:g.10191507G>T
chr3:10149825:AG:A	g	0	1992	NC_000003.11:g.10191510del
chr3:10149826:G:C	g	0	1933	NC_000003.11:g.10191510G>C
chr3:10149829:T:C	g	2	1883	NC_000003.11:g.10191513T>C
chr3:10149831:G:T	g	0	1801	NC_000003.11:g.10191515G>T
chr3:10149832:T:A	g	0	1821	NC_000003.11:g.10191516T>A
chr3:10149832:T:C	g	0	1904	NC_000003.11:g.10191516T>C
chr3:10149832:T:G	g	0	1930	NC_000003.11:g.10191516T>G
chr3:10149840:G:T	g	3	1968	NC_000003.11:g.10191524G>T
chr3:10149846:T:G	g	0	1837	NC_000003.11:g.10191530T>G
chr3:10149846:T:A	g	0	2056	NC_000003.11:g.10191530T>A
chr3:10149847:A:G	g	0	2058	NC_000003.11:g.10191531A>G
chr3:10149848:C:A	g	0	1927	NC_000003.11:g.10191532C>A
chr3:10149848:C:G	g	0	1962	NC_000003.11:g.10191532C>G
chr3:10149849:AG:A	g	0	1902	NC_000003.11:g.10191535del
chr3:10149852:A:T	g	1	1822	NC_000003.11:g.10191536A>T
chr3:10149856:T:C	g	1	1744	NC_000003.11:g.10191540T>C
chr3:10149856:T:G	g	0	1884	NC_000003.11:g.10191540T>G
chr3:10149861:A:G	g	0	1803	NC_000003.11:g.10191545A>G
chr3:10149862:T:A	g	0	2241	NC_000003.11:g.10191546T>A
chr3:10149871:C:A	g	0	1777	NC_000003.11:g.10191555C>A
chr3:10149871:C:T	g	0	2149	NC_000003.11:g.10191555C>T
chr3:10149874:T:C	g	2	1772	NC_000003.11:g.10191558T>C
chr3:10149874:T:G	g	0	1804	NC_000003.11:g.10191558T>G
chr3:10149878:C:G	g	0	1805	NC_000003.11:g.10191562C>G
chr3:10149878:CGAA:C	g	0	1825	NC_000003.11:g.10191565_10191567del
chr3:10149878:C:A	g	0	2106	NC_000003.11:g.10191562C>A
chr3:10149879:G:T	g	2	1773	NC_000003.11:g.10191563G>T
chr3:10149879:G:A	g	1	1774	NC_000003.11:g.10191563G>A
chr3:10149885:CT:C	g	0	1824	NC_000003.11:g.10191570del
chr3:10149885:C:G	g	0	1828	NC_000003.11:g.10191569C>G
chr3:10149886:T:C	g	2	1846	NC_000003.11:g.10191570T>C
chr3:10149892:AC:A	g	0	1941	NC_000003.11:g.10191578del
chr3:10149895:AC:A	g	2	1857	NC_000003.11:g.10191582del
chr3:10149897:C:T	g	0	2054	NC_000003.11:g.10191581C>T
chr3:10149901:ATG:A	g	0	2010	NC_000003.11:g.10191588_10191589del
chr3:10149906:C:T	g	1	1806	NC_000003.11:g.10191590C>T
chr3:10149909:A:T	g	1	1907	NC_000003.11:g.10191593A>T
chr3:10149909:A:G	g	0	2125	NC_000003.11:g.10191593A>G
chr3:10149912:G:A	g	1	2084	NC_000003.11:g.10191596G>A
chr3:10149916:T:A	g	0	2003	NC_000003.11:g.10191600T>A
chr3:10149916:T:G	g	0	2242	NC_000003.11:g.10191600T>G
chr3:10149921:C:T	g	0	616	NC_000003.11:g.10191605C>T
chr3:10149964:G:T	g	2	1970	NC_000003.11:g.10191648G>T
chr3:10149965:A:G	g	0	1972	NC_000003.11:g.10191649A>G
chr3:10149965:A:T	g	0	1974	NC_000003.11:g.10191649A>T
chr3:36993548:A:T	g	0	744	NC_000003.11:g.37035039A>T
chr3:36993583:CG:C	g	0	714	NC_000003.11:g.37035075del
chr3:36996648:T:C	g	0	741	NC_000003.11:g.37038139T>C
chr3:36996696:G:A	g	0	756	NC_000003.11:g.37038187G>A
chr3:36996701:G:A	g	7	754	NC_000003.11:g.37038192G>A
chr3:36996705:T:G	g	0	755	NC_000003.11:g.37038196T>G
chr3:37001045:C:T	g	3	735	NC_000003.11:g.37042536C>T
chr3:37004444:C:T	g	0	737	NC_000003.11:g.37045935C>T
chr3:37007055:C:T	g	1	750	NC_000003.11:g.37048546C>T
chr3:37012059:GT:G	g	0	747	NC_000003.11:g.37053551del
chr3:37012098:C:T	g	0	751	NC_000003.11:g.37053589C>T
chr3:37014545:G:A	g	1	727	NC_000003.11:g.37056036G>A
chr3:37017508:C:G	g	0	746	NC_000003.11:g.37058999C>G
chr3:37025868:G:A	g	0	749	NC_000003.11:g.37067359G>A
chr3:37025873:GC:G	g	0	738	NC_000003.11:g.37067365del
chr3:37028843:T:C	g	0	766	NC_000003.11:g.37070334T>C
chr3:37040226:TGT:TAG	g	0	724	NC_000003.11:g.37081718_37081719delinsAG
chr3:37040234:CT:C	g	0	753	NC_000003.11:g.37081726del
chr3:37040279:A:C	g	0	748	NC_000003.11:g.37081770A>C
chr3:37047602:AGG:A	g	0	725	NC_000003.11:g.37089094_37089095del
chr3:37047631:TGAA:T	g	5	728	NC_000003.11:g.37089130_37089132del
chr3:37048914:AC:A	g	0	743	NC_000003.11:g.37090406del
chr3:37048956:C:T	g	0	757	NC_000003.11:g.37090447C>T
chr3:37048971:TC:T	g	0	730	NC_000003.11:g.37090464del
chr3:37050652:A:T	g	0	745	NC_000003.11:g.37092143A>T
chr3:38141150:T:C	g	6	424	NC_000003.11:g.38182641T>C
chr3:41224633:A:G	g	24	1270	NC_000003.11:g.41266124A>G
chr3:41224645:T:C	g	21	1272	NC_000003.11:g.41266136T>C
chr3:41224646:C:T	g	20	1271	NC_000003.11:g.41266137C>T
chr3:105720182:G:A	g	17	636	NC_000003.11:g.105439026G>A
chr3:138946321:G:C	g	0	198	NC_000003.11:g.138665163G>C
chr3:142555897:AT:A	g	174	271	NC_000003.11:g.142274740del
chr3:179199066:G:A	g	12	1491	NC_000003.11:g.178916854G>A
chr3:179199102:C:T	g	10	1172	NC_000003.11:g.178916890C>T
chr3:179199158:G:C	g	5	1231	NC_000003.11:g.178916946G>C
chr3:179199810:C:T	g	0	1487	NC_000003.11:g.178917598C>T
chr3:179203765:T:A	g	40	922	NC_000003.11:g.178921553T>A
chr3:179203779:A:G	g	6	1621	NC_000003.11:g.178921567A>G
chr3:179209622:A:G	g	13	1232	NC_000003.11:g.178927410A>G
chr3:179210192:T:C	g	34	927	NC_000003.11:g.178927980T>C
chr3:179210438:C:T	g	4	294	NC_000003.11:g.178928226C>T
chr3:179218294:G:A	g	195	103	NC_000003.11:g.178936082G>A
chr3:179218294:G:C	g	2	928	NC_000003.11:g.178936082G>C
chr3:179218303:G:A	g	303	104	NC_000003.11:g.178936091G>A
chr3:179218303:G:C	g	9	874	NC_000003.11:g.178936091G>C
chr3:179218304:A:C	g	20	878	NC_000003.11:g.178936092A>C
chr3:179218304:A:G	g	10	880	NC_000003.11:g.178936092A>G
chr3:179218304:A:T	g	0	881	NC_000003.11:g.178936092A>T
chr3:179218305:G:C	g	2	930	NC_000003.11:g.178936093G>C
chr3:179218306:C:A	g	18	882	NC_000003.11:g.178936094C>A
chr3:179218306:C:G	g	3	883	NC_000003.11:g.178936094C>G
chr3:179234219:A:G	g	13	931	NC_000003.11:g.178952007A>G
chr3:179234286:G:T	g	11	933	NC_000003.11:g.178952074G>T
chr3:179234296:C:T	g	14	934	NC_000003.11:g.178952084C>T
chr3:179234297:A:G	g	281	107	NC_000003.11:g.178952085A>G
chr3:179234297:A:T	g	48	1143	NC_000003.11:g.178952085A>T
chr3:179234302:G:A	g	0	935	NC_000003.11:g.178952090G>A
chr3:179234302:G:C	g	8	937	NC_000003.11:g.178952090G>C
chr4:1801841:C:G	g	46	615	NC_000004.11:g.1803568C>G
chr4:1804372:A:G	g	10	196	NC_000004.11:g.1806099A>G
chr4:54274869:T:C	g	0	247	NC_000004.11:g.55141036T>C
chr4:54274869:T:A	g	0	938	NC_000004.11:g.55141036T>A
chr4:54274916:C:T	g	0	852	NC_000004.11:g.55141083C>T
chr4:54278380:C:T	g	0	563	NC_000004.11:g.55144547C>T
chr4:54285923:G:A	g	0	854	NC_000004.11:g.55152090G>A
chr4:54285924:AGA:AAT	g	0	98	NC_000004.11:g.55152092_55152093delinsAT
chr4:54285925:G:T	g	1	100	NC_000004.11:g.55152092G>T
chr4:54285925:GACATC:GTCATG	g	0	102	NC_000004.11:g.55152093_55152097delinsTCATG
chr4:54285926:A:T	g	0	99	NC_000004.11:g.55152093A>T
chr4:54285926:ACAT:A	g	0	101	NC_000004.11:g.55152095_55152097del
chr4:54285934:C:T	g	0	861	NC_000004.11:g.55152101C>T
chr4:54285959:G:A	g	0	862	NC_000004.11:g.55152126G>A
chr4:54726012:C:CTGCCTA	g	0	939	NC_000004.11:g.55592185_55592186insGCCTAT
chr4:54726012:C:CTGCCTA	g	0	1183	NC_000004.11:g.55592179_55592180insGCCTAT
chr4:54727298:A:C	g	9	201	NC_000004.11:g.55593464A>C
chr4:54727413:CAGAAACCCATGTATGAAGTACAGTGGA:C	g	0	940	NC_000004.11:g.55593582_55593608del
chr4:54727425:T:G	g	0	941	NC_000004.11:g.55593591T>G
chr4:54727430:A:C	g	0	946	NC_000004.11:g.55593596A>C
chr4:54727436:GTG:GAC	g	0	955	NC_000004.11:g.55593603_55593604delinsAC
chr4:54727437:T:C	g	2	949	NC_000004.11:g.55593603T>C
chr4:54727437:T:G	g	1	952	NC_000004.11:g.55593603T>G
chr4:54727440:A:C	g	0	958	NC_000004.11:g.55593606A>C
chr4:54727441:A:G	g	0	959	NC_000004.11:g.55593607A>G
chr4:54727442:GGTT:G	g	0	202	NC_000004.11:g.55593612_55593614del
chr4:54727442:GGTT:G	g	0	960	NC_000004.11:g.55593609_55593611del
chr4:54727444:T:C	g	3	963	NC_000004.11:g.55593610T>C
chr4:54727444:T:G	g	1	965	NC_000004.11:g.55593610T>G
chr4:54727447:T:A	g	0	966	NC_000004.11:g.55593613T>A
chr4:54727447:T:G	g	1	969	NC_000004.11:g.55593613T>G
chr4:54727488:A:G	g	0	970	NC_000004.11:g.55593654A>G
chr4:54727492:A:T	g	0	971	NC_000004.11:g.55593658A>T
chr4:54727495:T:C	g	3	72	NC_000004.11:g.55593661T>C
chr4:54727498:C:T	g	0	972	NC_000004.11:g.55593664C>T
chr4:54728055:A:G	g	7	974	NC_000004.11:g.55594221A>G
chr4:54728092:T:C	g	0	73	NC_000004.11:g.55594258T>C
chr4:54728113:C:T	g	0	975	NC_000004.11:g.55594279C>T
chr4:54729353:C:T	g	0	1264	NC_000004.11:g.55595519C>T
chr4:54729419:C:T	g	0	976	NC_000004.11:g.55595585C>T
chr4:54729424:C:A	g	0	978	NC_000004.11:g.55595590C>A
chr4:54733133:T:G	g	0	1254	NC_000004.11:g.55599299T>G
chr4:54733154:G:C	g	5	979	NC_000004.11:g.55599320G>C
chr4:54733155:A:T	g	10	65	NC_000004.11:g.55599321A>T
chr4:54733166:G:T	g	0	980	NC_000004.11:g.55599332G>T
chr4:54733167:A:C	g	0	1260	NC_000004.11:g.55599333A>C
chr4:54733167:A:G	g	0	1263	NC_000004.11:g.55599333A>G
chr4:54733174:T:A	g	1	1253	NC_000004.11:g.55599340T>A
chr4:54733175:T:G	g	0	981	NC_000004.11:g.55599341T>G
chr4:54736599:G:C	g	11	480	NC_000004.11:g.55602765G>C
chr4:55089802:C:T	g	0	465	NC_000004.11:g.55955969C>T
chr4:55094892:G:A	g	3	497	NC_000004.11:g.55961059G>A
chr4:55102013:T:A	g	0	467	NC_000004.11:g.55968180T>A
chr4:88131171:G:T	g	10	260	NC_000004.11:g.89052323G>T
chr4:152326137:G:A	g	22	1493	NC_000004.11:g.153247289G>A
chr5:1286401:C:A	g	4	421	NC_000005.9:g.1286516C>A
chr5:1295113:G:A	g	97	248	NC_000005.9:g.1295228G>A
chr6:117308899:A:G	g	0	516	NC_000006.11:g.117630062A>G
chr6:117310213:C:G	g	0	517	NC_000006.11:g.117631376C>G
chr6:117317184:C:T	g	0	2308	NC_000006.11:g.117638347C>T
chr6:117317184:C:T	g	0	2308	NC_000006.11:g.117638347C>T
chr6:117317202:G:T	g	0	515	NC_000006.11:g.117638365G>T
chr6:152094402:T:C	g	1	661	NC_000006.11:g.152415537T>C
chr6:152098784:CTC:CAG	g	0	46	NC_000006.11:g.152419920_152419921delinsAG
chr6:152098787:T:A	g	1	49	NC_000006.11:g.152419922T>A
chr6:152098788:A:G	g	1	48	NC_000006.11:g.152419923A>G
chr6:152098788:A:C	g	1	50	NC_000006.11:g.152419923A>C
chr6:152098791:A:G	g	5	47	NC_000006.11:g.152419926A>G
chr7:5982880:CT:C	g	0	504	NC_000007.13:g.6022512del
chr7:5992018:G:A	g	0	765	NC_000007.13:g.6031649G>A
chr7:6387261:C:T	g	23	367	NC_000007.13:g.6426892C>T
chr7:55154129:C:T	g	34	986	NC_000007.13:g.55221822C>T
chr7:55160191:C:T	g	0	453	NC_000007.13:g.55227884C>T
chr7:55160233:G:A	g	2	437	NC_000007.13:g.55227926G>A
chr7:55160240:A:C	g	0	454	NC_000007.13:g.55227933A>C
chr7:55160316:C:A	g	0	451	NC_000007.13:g.55228009C>A
chr7:55174014:G:A	g	0	134	NC_000007.13:g.55241707G>A
chr7:55174015:G:C	g	2	989	NC_000007.13:g.55241708G>C
chr7:55174029:G:A	g	1	317	NC_000007.13:g.55241722G>A
chr7:55174033:C:T	g	0	851	NC_000007.13:g.55241726C>T
chr7:55174773:GAATTAAGAGAAGCAACA:GTTGCT	g	0	1184	NC_000007.13:g.55242467_55242483delinsTTGCT
chr7:55174774:A:G	g	0	712	NC_000007.13:g.55242467A>G
chr7:55174794:C:T	g	1	458	NC_000007.13:g.55242487C>T
chr7:55174807:A:G	g	0	703	NC_000007.13:g.55242500A>G
chr7:55174818:G:T	g	0	701	NC_000007.13:g.55242511G>T
chr7:55181312:G:T	g	15	551	NC_000007.13:g.55249005G>T
chr7:55181378:C:T	g	2	34	NC_000007.13:g.55249071C>T
chr7:55181398:T:A	g	0	415	NC_000007.13:g.55249091T>A
chr7:55191741:G:A	g	2	992	NC_000007.13:g.55259434G>A
chr7:55191822:T:G	g	25	33	NC_000007.13:g.55259515T>G
chr7:87509329:A:G	g	26	263	NC_000007.13:g.87138645A>G
chr7:87531302:A:T	g	0	262	NC_000007.13:g.87160618A>T
chr7:87531302:A:C	g	26	445	NC_000007.13:g.87160618A>C
chr7:116783353:G:A	g	0	638	NC_000007.13:g.116423407G>A
chr7:116783354:A:T	g	0	792	NC_000007.13:g.116423408A>T
chr7:129206557:C:T	g	0	1534	NC_000007.13:g.128846398C>T
chr7:129209348:G:C	g	0	299	NC_000007.13:g.128849189G>C
chr7:129210500:G:T	g	1	822	NC_000007.13:g.128850341G>T
chr7:140753334:TCA:TAT	g	0	11	NC_000007.13:g.140453135_140453136delinsAT
chr7:140753334:T:C	g	13	581	NC_000007.13:g.140453134T>C
chr7:140753335:CAC:CTT	g	0	552	NC_000007.13:g.140453136_140453137delinsTT
chr7:140753336:A:T	g	597	12	NC_000007.13:g.140453136A>T
chr7:140753344:TAG:TGA	g	0	579	NC_000007.13:g.140453145_140453146delinsGA
chr7:140753345:A:C	g	1	288	NC_000007.13:g.140453145A>C
chr7:140753345:A:T	g	1	580	NC_000007.13:g.140453145A>T
chr7:140753346:G:C	g	1	582	NC_000007.13:g.140453146G>C
chr7:140753349:C:A	g	1	667	NC_000007.13:g.140453149C>A
chr7:140753349:C:G	g	1	1620	NC_000007.13:g.140453149C>G
chr7:140753350:A:C	g	0	1108	NC_000007.13:g.140453150A>C
chr7:140753354:T:G	g	0	565	NC_000007.13:g.140453154T>G
chr7:140753354:T:A	g	0	566	NC_000007.13:g.140453154T>A
chr7:140753354:T:C	g	3	605	NC_000007.13:g.140453154T>C
chr7:140753355:C:T	g	9	1103	NC_000007.13:g.140453155C>T
chr7:140777994:A:T	g	0	649	NC_000007.13:g.140477794A>T
chr7:140778058:TTT:TCA	g	0	577	NC_000007.13:g.140477859_140477860delinsCA
chr7:140781602:C:A	g	6	837	NC_000007.13:g.140481402C>A
chr7:140781602:C:G	g	10	983	NC_000007.13:g.140481402C>G
chr7:140781603:C:G	g	0	829	NC_000007.13:g.140481403C>G
chr7:140781611:C:G	g	2	1178	NC_000007.13:g.140481411C>G
chr7:140781611:C:A	g	7	2160	NC_000007.13:g.140481411C>A
chr7:140781617:C:A	g	2	1092	NC_000007.13:g.140481417C>A
chr8:38417331:G:T	g	6	508	NC_000008.10:g.38274849G>T
chr9:5070052:T:TG	g	0	611	NC_000009.11:g.5070053_5070054insG
chr9:5073770:G:T	g	2	64	NC_000009.11:g.5073770G>T
chr9:8521481:C:T	g	0	781	NC_000009.11:g.8521481C>T
chr9:21971029:C:T	g	12	1503	NC_000009.11:g.21971028C>T
chr9:21975018:C:T	g	14	634	NC_000009.11:g.21975017C>T
chr9:77794572:T:G	g	31	585	NC_000009.11:g.80409488T>G
chr9:130862908:A:C	g	0	1535	NC_000009.11:g.133738295A>C
chr9:130862943:A:G	g	0	996	NC_000009.11:g.133738330A>G
chr9:130862955:C:G	g	0	999	NC_000009.11:g.133738342C>G
chr9:130862962:G:A	g	0	1017	NC_000009.11:g.133738349G>A
chr9:130862962:G:T	g	0	1536	NC_000009.11:g.133738349G>T
chr9:130862969:G:C	g	0	1021	NC_000009.11:g.133738356G>C
chr9:130862970:T:C	g	0	1022	NC_000009.11:g.133738357T>C
chr9:130862971:A:T	g	0	1023	NC_000009.11:g.133738358A>T
chr9:130862976:G:A	g	0	3	NC_000009.11:g.133738363G>A
chr9:130862977:A:T	g	0	1170	NC_000009.11:g.133738364A>T
chr9:130862987:G:T	g	0	1538	NC_000009.11:g.133738374G>T
chr9:130872133:A:G	g	0	1024	NC_000009.11:g.133747520A>G
chr9:130872141:G:A	g	0	1521	NC_000009.11:g.133747528G>A
chr9:130872147:G:A	g	0	1570	NC_000009.11:g.133747534G>A
chr9:130872171:G:A	g	0	1596	NC_000009.11:g.133747558G>A
chr9:130872181:A:T	g	0	1173	NC_000009.11:g.133747568A>T
chr9:130872201:G:C	g	0	1214	NC_000009.11:g.133747588G>C
chr9:130872883:T:A	g	0	1496	NC_000009.11:g.133748270T>A
chr9:130872883:T:C	g	0	1523	NC_000009.11:g.133748270T>C
chr9:130872896:C:T	g	0	2	NC_000009.11:g.133748283C>T
chr9:130872901:T:C	g	1	241	NC_000009.11:g.133748288T>C
chr9:130872901:T:G	g	0	1517	NC_000009.11:g.133748288T>G
chr9:130872901:T:A	g	0	1618	NC_000009.11:g.133748288T>A
chr9:130872976:T:C	g	0	1599	NC_000009.11:g.133748363T>C
chr9:130872980:T:C	g	0	1509	NC_000009.11:g.133748367T>C
chr9:130873004:T:C	g	0	1025	NC_000009.11:g.133748391T>C
chr9:130873016:A:G	g	0	1304	NC_000009.11:g.133748403A>G
chr9:130873027:T:G	g	0	884	NC_000009.11:g.133748414T>G
chr9:130873027:T:A	g	0	1507	NC_000009.11:g.133748414T>A
chr9:130873028:T:G	g	0	1174	NC_000009.11:g.133748415T>G
chr9:130874869:G:T	g	0	1601	NC_000009.11:g.133750256G>T
chr9:130874876:C:T	g	1	1603	NC_000009.11:g.133750263C>T
chr9:130874879:C:G	g	0	1604	NC_000009.11:g.133750266C>G
chr9:130874917:G:A	g	0	1605	NC_000009.11:g.133750304G>A
chr9:130874932:C:A	g	0	1206	NC_000009.11:g.133750319C>A
chr9:130874943:G:C	g	0	1227	NC_000009.11:g.133750330G>C
chr9:130874960:A:G	g	1	1606	NC_000009.11:g.133750347A>G
chr9:130874969:A:G	g	0	1026	NC_000009.11:g.133750356A>G
chr9:130874969:A:C	g	0	1524	NC_000009.11:g.133750356A>C
chr9:130874971:G:C	g	0	1607	NC_000009.11:g.133750358G>C
chr9:130874974:G:C	g	0	1230	NC_000009.11:g.133750361G>C
chr9:130875044:A:G	g	0	1525	NC_000009.11:g.133750431A>G
chr9:130878492:G:A	g	0	1608	NC_000009.11:g.133753879G>A
chr9:130878492:G:C	g	0	1609	NC_000009.11:g.133753879G>C
chr9:130878493:A:G	g	0	1396	NC_000009.11:g.133753880A>G
chr9:130878493:A:T	g	0	1526	NC_000009.11:g.133753880A>T
chr9:130878493:A:C	g	0	1611	NC_000009.11:g.133753880A>C
chr9:130878501:G:C	g	2	1499	NC_000009.11:g.133753888G>C
chr9:130878501:G:A	g	0	1528	NC_000009.11:g.133753888G>A
chr9:130878502:A:C	g	0	1531	NC_000009.11:g.133753889A>C
chr9:130878502:A:T	g	0	1612	NC_000009.11:g.133753889A>T
chr9:130878520:A:G	g	0	1617	NC_000009.11:g.133753907A>G
chr9:130880101:T:C	g	0	1144	NC_000009.11:g.133755488T>C
chr9:130880101:T:A	g	0	1532	NC_000009.11:g.133755488T>A
chr9:132896546:G:A	g	1	702	NC_000009.11:g.135771933G>A
chr9:136496196:CAG:C	g	1	207	NC_000009.11:g.139390649_139390650del
chr9:136496760:G:A	g	2	136	NC_000009.11:g.139391212G>A
chr9:136496917:G:GA	g	0	138	NC_000009.11:g.139391369_139391370insA
chr9:136503316:A:G	g	0	1031	NC_000009.11:g.139397768A>G
chr9:136504767:C:G	g	0	135	NC_000009.11:g.139399219C>G
chr9:136504892:A:G	g	0	1027	NC_000009.11:g.139399344A>G
chr9:136504892:A:T	g	0	1120	NC_000009.11:g.139399344A>T
chr9:136504898:C:G	g	0	1030	NC_000009.11:g.139399350C>G
chr9:136504916:A:G	g	0	1109	NC_000009.11:g.139399368A>G
chr9:136504916:A:C	g	0	1171	NC_000009.11:g.139399368A>C
chr9:136504937:A:C	g	0	1121	NC_000009.11:g.139399389A>C
chr9:136504961:A:G	g	0	1127	NC_000009.11:g.139399413A>G
chr9:136504961:A:T	g	0	1140	NC_000009.11:g.139399413A>T
chr9:136504970:A:G	g	0	1029	NC_000009.11:g.139399422A>G
chr9:136504970:A:T	g	0	1142	NC_000009.11:g.139399422A>T
chr10:43113622:G:A	g	0	1252	NC_000010.10:g.43609070G>A
chr10:43114502:C:G	g	0	112	NC_000010.10:g.43609950C>G
chr10:43121968:T:C	g	4	113	NC_000010.10:g.43617416T>C
chr10:87933147:C:T	g	29	628	NC_000010.10:g.89692904C>T
chr10:87952142:C:T	g	14	826	NC_000010.10:g.89711899C>T
chr10:87957915:C:T	g	43	110	NC_000010.10:g.89717672C>T
chr10:87961041:GTACT:G	g	32	588	NC_000010.10:g.89720799_89720802del
chr10:103090988:T:G	g	0	240	NC_000010.10:g.104850745T>G
chr10:103093198:C:T	g	4	238	NC_000010.10:g.104852955C>T
chr10:103093223:T:G	g	0	239	NC_000010.10:g.104852980T>G
chr10:121498520:A:T	g	11	544	NC_000010.10:g.123258034A>T
chr10:129467281:C:T	g	14	338	NC_000010.10:g.131265545C>T
chr11:533874:T:A	g	10	850	NC_000011.9:g.533874T>A
chr11:534285:C:T	g	4	274	NC_000011.9:g.534285C>T
chr11:9578396:A:G	g	2	331	NC_000011.9:g.9599943A>G
chr11:64804618:TC:T	g	0	655	NC_000011.9:g.64572092del
chr11:67585218:A:G	g	26	259	NC_000011.9:g.67352689A>G
chr11:108245000:C:G	g	0	1145	NC_000011.9:g.108115727C>G
chr11:108245002:A:T	g	0	1151	NC_000011.9:g.108115729A>T
chr11:108271279:C:G	g	0	1153	NC_000011.9:g.108142006C>G
chr11:108271404:T:G	g	0	1155	NC_000011.9:g.108142131T>G
chr11:108272818:C:T	g	0	1156	NC_000011.9:g.108143545C>T
chr11:108293425:G:A	g	0	1166	NC_000011.9:g.108164152G>A
chr11:108299752:G:C	g	0	1163	NC_000011.9:g.108170479G>C
chr11:108310186:A:T	g	0	1157	NC_000011.9:g.108180913A>T
chr11:108316016:G:C	g	0	1158	NC_000011.9:g.108186743G>C
chr11:108316100:C:T	g	1	1164	NC_000011.9:g.108186827C>T
chr11:108321407:G:T	g	0	1159	NC_000011.9:g.108192134G>T
chr11:108326070:G:A	g	3	1168	NC_000011.9:g.108196797G>A
chr11:108329211:T:C	g	0	1160	NC_000011.9:g.108199938T>C
chr11:108330281:C:T	g	1	1152	NC_000011.9:g.108201008C>T
chr11:108330369:G:A	g	0	1169	NC_000011.9:g.108201096G>A
chr11:108333954:A:G	g	0	896	NC_000011.9:g.108204681A>G
chr11:108335887:T:G	g	0	1161	NC_000011.9:g.108206614T>G
chr11:108347317:A:C	g	0	244	NC_000011.9:g.108218044A>C
chr11:108347362:C:G	g	1	897	NC_000011.9:g.108218089C>G
chr11:108365359:C:T	g	1	898	NC_000011.9:g.108236086C>T
chr11:108365360:G:A	g	3	901	NC_000011.9:g.108236087G>A
chr12:11884541:G:A	g	1	807	NC_000012.11:g.12037475G>A
chr12:11885968:C:T	g	1	806	NC_000012.11:g.12038902C>T
chr12:21176804:A:G	g	21	775	NC_000012.11:g.21329738A>G
chr12:21178615:T:C	g	20	773	NC_000012.11:g.21331549T>C
chr12:25207290:A:C	g	1	254	NC_000012.11:g.25360224A>C
chr12:25225627:G:A	g	3	322	NC_000012.11:g.25378561G>A
chr12:25225628:C:G	g	2	902	NC_000012.11:g.25378562C>G
chr12:25225628:C:T	g	27	903	NC_000012.11:g.25378562C>T
chr12:25225713:T:A	g	3	1107	NC_000012.11:g.25378647T>A
chr12:25227341:T:G	g	14	904	NC_000012.11:g.25380275T>G
chr12:25227342:T:A	g	12	905	NC_000012.11:g.25380276T>A
chr12:25227342:T:C	g	9	906	NC_000012.11:g.25380276T>C
chr12:25227342:T:G	g	1	1034	NC_000012.11:g.25380276T>G
chr12:25227343:G:T	g	9	907	NC_000012.11:g.25380277G>T
chr12:25227343:G:C	g	2	1068	NC_000012.11:g.25380277G>C
chr12:25227349:C:T	g	4	1305	NC_000012.11:g.25380283C>T
chr12:25245321:G:A	g	1	477	NC_000012.11:g.25398255G>A
chr12:25245345:CGC:CAA	g	0	1500	NC_000012.11:g.25398280_25398281delinsAA
chr12:25245347:C:T	g	82	81	NC_000012.11:g.25398281C>T
chr12:25245348:C:A	g	16	908	NC_000012.11:g.25398282C>A
chr12:25245348:C:G	g	0	1295	NC_000012.11:g.25398282C>G
chr12:25245348:C:T	g	0	1302	NC_000012.11:g.25398282C>T
chr12:25245350:C:T	g	235	79	NC_000012.11:g.25398284C>T
chr12:25245350:C:G	g	44	148	NC_000012.11:g.25398284C>G
chr12:25245350:C:A	g	228	425	NC_000012.11:g.25398284C>A
chr12:25245351:C:A	g	135	78	NC_000012.11:g.25398285C>A
chr12:25245351:C:G	g	39	528	NC_000012.11:g.25398285C>G
chr12:25245351:C:T	g	30	909	NC_000012.11:g.25398285C>T
chr12:56085067:C:G	g	0	694	NC_000012.11:g.56478851C>G
chr12:56085070:G:A	g	26	692	NC_000012.11:g.56478854G>A
chr12:56088138:G:A	g	3	699	NC_000012.11:g.56481922G>A
chr12:56097888:T:C	g	0	776	NC_000012.11:g.56491672T>C
chr12:57751648:G:A	g	1	549	NC_000012.11:g.58145431G>A
chr12:68808800:T:G	g	10	482	NC_000012.11:g.69202580T>G
chr12:111446804:T:C	g	18	691	NC_000012.11:g.111884608T>C
chr13:28018504:T:A	g	0	1290	NC_000013.10:g.28592641T>A
chr13:28018505:C:A	g	7	2292	NC_000013.10:g.28592642C>A
chr13:28018505:C:A	g	7	2292	NC_000013.10:g.28592642C>A
chr13:28018505:C:G	g	1	609	NC_000013.10:g.28592642C>G
chr13:28050157:G:A	g	23	531	NC_000013.10:g.28624294G>A
chr13:32316462:T:G	g	0	1244	NC_000013.10:g.32890599T>G
chr13:32316463:G:T	g	0	1245	NC_000013.10:g.32890600G>T
chr13:32326150:G:A	g	0	1246	NC_000013.10:g.32900287G>A
chr13:32326614:G:C	g	0	1247	NC_000013.10:g.32900751G>C
chr13:32326614:G:A	g	0	1248	NC_000013.10:g.32900751G>A
chr13:32346896:G:C	g	0	1249	NC_000013.10:g.32921033G>C
chr13:32346896:G:A	g	0	1250	NC_000013.10:g.32921033G>A
chr13:32394717:C:A	g	0	650	NC_000013.10:g.32968854C>A
chr13:48459809:C:CA	g	0	631	NC_000013.10:g.49033946_49033947insA
chr13:102845848:A:G	g	0	255	NC_000013.10:g.103498198A>G
chr14:61747130:T:C	g	8	433	NC_000014.8:g.62213848T>C
chr14:64986345:G:C	g	2	332	NC_000014.8:g.65453063G>C
chr14:104776711:G:T	g	1	169	NC_000014.8:g.105243048G>T
chr14:104780214:C:T	g	61	4	NC_000014.8:g.105246551C>T
chr15:44711587:CTCTT:C	g	4	612	NC_000015.9:g.45003786_45003789del
chr15:66435103:T:C	g	3	1265	NC_000015.9:g.66727441T>C
chr15:66435110:CCCAGAAGCAGAAGGT:C	g	0	643	NC_000015.9:g.66727449_66727463del
chr15:66435113:A:C	g	2	83	NC_000015.9:g.66727451A>C
chr15:66436816:G:C	g	1	614	NC_000015.9:g.66729154G>C
chr15:66436824:C:T	g	14	82	NC_000015.9:g.66729162C>T
chr15:66481793:G:A	g	4	1619	NC_000015.9:g.66774131G>A
chr15:74022872:C:T	g	0	460	NC_000015.9:g.74315213C>T
chr15:74022878:T:C	g	0	462	NC_000015.9:g.74315219T>C
chr15:87933034:C:T	g	0	798	NC_000015.9:g.88476265C>T
chr15:90088606:C:T	g	19	63	NC_000015.9:g.90631838C>T
chr16:2080299:C:T	g	0	468	NC_000016.9:g.2130300C>T
chr16:69711242:G:A	g	23	402	NC_000016.9:g.69745145G>A
chr16:89748744:G:A	g	10	2154	NC_000016.9:g.89815152G>A
chr17:7673775:C:A	g	2	1104	NC_000017.10:g.7577093C>A
chr17:7673802:C:T	g	117	122	NC_000017.10:g.7577120C>T
chr17:7673802:C:A	g	31	910	NC_000017.10:g.7577120C>A
chr17:7673803:G:A	g	149	121	NC_000017.10:g.7577121G>A
chr17:7674217:C:G	g	2	119	NC_000017.10:g.7577535C>G
chr17:7674220:C:T	g	134	117	NC_000017.10:g.7577538C>T
chr17:7674221:G:A	g	106	118	NC_000017.10:g.7577539G>A
chr17:7674262:T:C	g	24	1032	NC_000017.10:g.7577580T>C
chr17:7674872:T:C	g	82	911	NC_000017.10:g.7578190T>C
chr17:7674893:C:G	g	2	1106	NC_000017.10:g.7578211C>G
chr17:7675088:C:T	g	174	116	NC_000017.10:g.7578406C>T
chr17:7675143:C:A	g	41	1033	NC_000017.10:g.7578461C>A
chr17:7675184:A:G	g	2	1251	NC_000017.10:g.7578502A>G
chr17:7676154:G:C	g	19	530	NC_000017.10:g.7579472G>C
chr17:7676230:G:A	g	0	502	NC_000017.10:g.7579548G>A
chr17:35106406:G:A	g	0	470	NC_000017.10:g.33433425G>A
chr17:39711952:G:C	g	1	38	NC_000017.10:g.37868205G>C
chr17:39711955:C:T	g	50	496	NC_000017.10:g.37868208C>T
chr17:39723405:G:A	g	15	42	NC_000017.10:g.37879658G>A
chr17:39723965:GTTGAGGGAAAACACA:G	g	0	37	NC_000017.10:g.37880219_37880233del
chr17:39723967:T:C	g	14	39	NC_000017.10:g.37880220T>C
chr17:39723967:T:G	g	1	40	NC_000017.10:g.37880220T>G
chr17:39724008:G:C	g	3	35	NC_000017.10:g.37880261G>C
chr17:39724008:G:T	g	6	36	NC_000017.10:g.37880261G>T
chr17:39724736:T:C	g	0	865	NC_000017.10:g.37880989T>C
chr17:39724747:G:T	g	9	44	NC_000017.10:g.37881000G>T
chr17:39724749:G:GGGCTCCCCA	g	0	41	NC_000017.10:g.37881011_37881012insGGCTCCCCA
chr17:39724810:ACA:ATG	g	0	1294	NC_000017.10:g.37881064_37881065delinsTG
chr17:39725079:G:A	g	18	45	NC_000017.10:g.37881332G>A
chr17:39725125:A:G	g	0	870	NC_000017.10:g.37881378A>G
chr17:39725139:A:G	g	2	864	NC_000017.10:g.37881392A>G
chr17:39725151:C:A	g	0	495	NC_000017.10:g.37881404C>A
chr17:39725161:T:G	g	0	2246	NC_000017.10:g.37881414T>G
chr17:39725187:C:T	g	0	871	NC_000017.10:g.37881440C>T
chr17:39725363:C:T	g	0	43	NC_000017.10:g.37881616C>T
chr17:43067608:C:T	g	1	1241	NC_000017.10:g.41219625C>T
chr17:43074331:C:T	g	0	1240	NC_000017.10:g.41226348C>T
chr17:43076488:C:A	g	0	1239	NC_000017.10:g.41228505C>A
chr17:43076573:G:A	g	0	1243	NC_000017.10:g.41228590G>A
chr17:43082434:G:A	g	2	1242	NC_000017.10:g.41234451G>A
chr17:43092628:G:GGA	g	0	471	NC_000017.10:g.41244645_41244646insGA
chr17:43106456:C:T	g	0	1238	NC_000017.10:g.41258473C>T
chr17:43106457:T:C	g	1	1237	NC_000017.10:g.41258474T>C
chr17:43106477:C:T	g	0	1236	NC_000017.10:g.41258494C>T
chr17:43106487:A:C	g	0	1235	NC_000017.10:g.41258504A>C
chr17:43124094:C:A	g	1	1234	NC_000017.10:g.41276111C>A
chr17:43124096:T:C	g	1	1233	NC_000017.10:g.41276113T>C
chr17:48728343:C:T	g	1	769	NC_000017.10:g.46805705C>T
chr18:44951948:G:A	g	2	351	NC_000018.9:g.42531913G>A
chr19:1220490:C:A	g	0	627	NC_000019.9:g.1220489C>A
chr19:7910272:G:A	g	0	562	NC_000019.9:g.7975157G>A
chr19:17834887:C:T	g	2	1285	NC_000019.9:g.17945696C>T
chr19:17838299:C:T	g	1	1275	NC_000019.9:g.17949108C>T
chr19:17844237:T:A	g	0	1286	NC_000019.9:g.17955046T>A
chr19:43551574:T:C	g	14	261	NC_000019.9:g.44055726T>C
chr19:43553422:G:A	g	11	249	NC_000019.9:g.44057574G>A
chr19:45351661:T:G	g	25	264	NC_000019.9:g.45854919T>G
chr19:48873985:G:C	g	17	545	NC_000019.9:g.49377242G>C
chr20:58909365:C:T	g	19	812	NC_000020.10:g.57484420C>T
chr21:34799407:G:T	g	1	794	NC_000021.8:g.36171704G>T
chr21:34859495:C:A	g	0	802	NC_000021.8:g.36231792C>A
chr21:34880615:GGCTGCGGT:G	g	0	805	NC_000021.8:g.36252913_36252920del
chr21:34880665:C:G	g	1	803	NC_000021.8:g.36252962C>G
chr21:34886866:T:C	g	0	793	NC_000021.8:g.36259163T>C
chr21:38819714:A:G	g	12	443	NC_000021.8:g.40191638A>G
chr21:43094667:T:G	g	0	127	NC_000021.8:g.44514777T>G
chr21:43104346:G:A	g	0	128	NC_000021.8:g.44524456G>A
chr22:28725099:A:G	g	2	778	NC_000022.10:g.29121087A>G
chr22:29655603:C:CT	g	0	245	NC_000022.10:g.30051593_30051594insT
chrX:47566722:C:G	g	1	10	NC_000023.10:g.47426121C>G
chrX:67723707:T:C	g	0	175	NC_000023.10:g.66943549T>C
chrX:101356177:A:T	g	0	168	NC_000023.10:g.100611165A>T
chrX:101358645:T:C	g	0	863	NC_000023.10:g.100613633T>C
